key,mean,std,max,min,25,50,75,Game,Model,Agent,N Trains,Processing,Has target network,Frame skip,Update frequency,batch size,gamma,Initial learning rate,learning rate annealing,Optimizer,Loss Function,weight decay
MountainCar_DQN_GS_EpsilonGreedy_notes_cpu_04-04-2018__04_19_41_437358,-1196.93,684.27,-333.0,-3309.0,-1581.0,-1054.0,-681.0,MountainCar-v0,DQN_GS,EpsilonGreedy,10000,cpu,True,3,4,128,0.99,0.001,True,RMSprop,MSE,0.001
MountainCar_DQN_GS_EpsilonGreedy_notes_cpu_04-04-2018__02_28_30_334596,-1464.39,1192.24,-356.0,-5814.0,-1832.0,-1198.0,-684.0,MountainCar-v0,DQN_GS,EpsilonGreedy,10000,cpu,False,3,4,128,0.99,0.0001,True,RMSprop,Huber,0.1
MountainCar_DQN_GS_EpsilonGreedy_notes_cpu_04-04-2018__05_00_29_322811,-779.1,593.02,-157.0,-3902.0,-998.75,-646.0,-408.0,MountainCar-v0,DQN_GS,EpsilonGreedy,10000,cpu,True,3,4,128,0.99,0.001,True,RMSprop,MSE,0.1
MountainCar_DQN_GS_EpsilonGreedy_notes_cpu_04-04-2018__04_11_40_176234,-1467.46,1069.73,-324.0,-4577.0,-1718.0,-1250.5,-701.75,MountainCar-v0,DQN_GS,EpsilonGreedy,10000,cpu,True,3,4,128,0.99,0.001,False,RMSprop,MSE,0.001
MountainCar_DQN_GS_EpsilonGreedy_notes_cpu_04-04-2018__05_25_16_944033,-878.73,595.99,-144.0,-2699.0,-1123.25,-708.5,-432.5,MountainCar-v0,DQN_GS,EpsilonGreedy,10000,cpu,True,3,4,128,0.99,0.0001,True,RMSprop,MSE,0.1
MountainCar_DDQN_GS_EpsilonGreedy_notes_cpu_04-04-2018__02_50_17_095016,-459.67,203.96,-179.0,-1089.0,-571.5,-407.0,-298.5,MountainCar-v0,DDQN_GS,EpsilonGreedy,10000,cpu,sort of. this is a DDQN,3,4,128,0.99,0.001,True,RMSprop,Huber,0.001
MountainCar_DQN_GS_EpsilonGreedy_notes_cpu_04-04-2018__02_50_17_096090,-1844.34,1638.88,-212.0,-8716.0,-2361.25,-1341.0,-834.0,MountainCar-v0,DQN_GS,EpsilonGreedy,10000,cpu,True,3,4,128,0.99,0.001,False,RMSprop,Huber,0.001
MountainCar_DQN_GS_EpsilonGreedy_notes_cpu_04-04-2018__01_50_35_670957,-275.3,143.07,-94.0,-901.0,-332.5,-248.0,-191.0,MountainCar-v0,DQN_GS,EpsilonGreedy,10000,cpu,False,3,4,128,0.99,0.001,False,RMSprop,Huber,0.1
MountainCar_DDQN_GS_EpsilonGreedy_notes_cpu_04-04-2018__02_18_48_047761,-16436.8,7128.4,-2180.0,-20001.0,-20001.0,-20001.0,-20001.0,MountainCar-v0,DDQN_GS,EpsilonGreedy,10000,cpu,sort of. this is a DDQN,3,4,128,0.99,0.001,True,RMSprop,Huber,0.1
MountainCar_DQN_GS_EpsilonGreedy_notes_cpu_04-04-2018__01_45_08_648555,-4242.9,5511.08,-513.0,-20001.0,-4027.75,-2794.5,-899.75,MountainCar-v0,DQN_GS,EpsilonGreedy,10000,cpu,False,3,4,128,0.99,0.001,True,RMSprop,MSE,0.001
MountainCar_DQN_GS_EpsilonGreedy_notes_cpu_04-04-2018__04_29_42_623229,-767.06,544.14,-133.0,-2509.0,-968.0,-585.0,-344.0,MountainCar-v0,DQN_GS,EpsilonGreedy,10000,cpu,True,3,4,128,0.99,0.001,False,RMSprop,MSE,0.1
MountainCar_DDQN_GS_EpsilonGreedy_notes_cpu_04-04-2018__03_55_02_517828,-14585.6,6125.93,-4199.0,-20001.0,-20001.0,-17604.0,-11123.0,MountainCar-v0,DDQN_GS,EpsilonGreedy,10000,cpu,sort of. this is a DDQN,3,4,128,0.99,0.001,False,RMSprop,MSE,0.1
MountainCar_DQN_GS_EpsilonGreedy_notes_cpu_04-04-2018__01_32_54_155213,-1023.45,678.23,-293.0,-2800.0,-1196.0,-775.0,-520.25,MountainCar-v0,DQN_GS,EpsilonGreedy,10000,cpu,False,3,4,128,0.99,0.0001,False,RMSprop,MSE,0.001
MountainCar_DQN_GS_EpsilonGreedy_notes_cpu_04-04-2018__04_29_04_263700,-1082.11,806.1,-217.0,-4324.0,-1291.25,-865.0,-635.75,MountainCar-v0,DQN_GS,EpsilonGreedy,10000,cpu,True,3,4,128,0.99,0.0001,True,RMSprop,Huber,0.1
MountainCar_DQN_GS_EpsilonGreedy_notes_cpu_04-04-2018__01_32_05_164988,-1179.2,542.18,-355.0,-1894.0,-1758.5,-1130.0,-665.0,MountainCar-v0,DQN_GS,EpsilonGreedy,10000,cpu,False,3,4,128,0.99,0.001,True,RMSprop,Huber,0.001
MountainCar_DDQN_GS_EpsilonGreedy_notes_cpu_04-04-2018__02_34_31_984454,-8796.17,5856.33,-3493.0,-20001.0,-11342.0,-5952.0,-4668.25,MountainCar-v0,DDQN_GS,EpsilonGreedy,10000,cpu,sort of. this is a DDQN,3,4,128,0.99,0.001,False,RMSprop,MSE,0.1
MountainCar_DQN_GS_EpsilonGreedy_notes_cpu_04-04-2018__04_28_44_865505,-910.09,840.96,-144.0,-5127.0,-1171.0,-691.0,-385.0,MountainCar-v0,DQN_GS,EpsilonGreedy,10000,cpu,True,3,4,128,0.99,0.001,False,RMSprop,Huber,0.1
MountainCar_DDQN_GS_EpsilonGreedy_notes_cpu_04-04-2018__04_07_26_152937,-1896.0,1613.62,-470.0,-8414.0,-2090.0,-1584.0,-819.0,MountainCar-v0,DDQN_GS,EpsilonGreedy,10000,cpu,sort of. this is a DDQN,3,4,128,0.99,0.0001,True,RMSprop,Huber,0.001
MountainCar_DDQN_GS_EpsilonGreedy_notes_cpu_04-04-2018__03_20_44_458268,-10712.14,6376.98,-3594.0,-20001.0,-15799.0,-9038.0,-5377.0,MountainCar-v0,DDQN_GS,EpsilonGreedy,10000,cpu,sort of. this is a DDQN,3,4,128,0.99,0.001,False,RMSprop,Huber,0.1
MountainCar_DQN_GS_EpsilonGreedy_notes_cpu_04-04-2018__03_22_02_760845,-2080.84,1141.97,-616.0,-5546.0,-2258.5,-2021.0,-1302.0,MountainCar-v0,DQN_GS,EpsilonGreedy,10000,cpu,True,3,4,128,0.99,0.0001,False,RMSprop,Huber,0.1
MountainCar_DDQN_GS_EpsilonGreedy_notes_cpu_04-04-2018__01_32_08_327194,-918.35,688.43,-308.0,-4481.0,-1155.25,-699.5,-529.5,MountainCar-v0,DDQN_GS,EpsilonGreedy,10000,cpu,sort of. this is a DDQN,3,4,128,0.99,0.001,True,RMSprop,Huber,0.001
MountainCar_DQN_GS_EpsilonGreedy_notes_cpu_04-04-2018__02_31_11_757120,-5986.75,4473.91,-1005.0,-16083.0,-7226.75,-5022.5,-2886.75,MountainCar-v0,DQN_GS,EpsilonGreedy,10000,cpu,False,3,4,128,0.99,0.001,False,RMSprop,MSE,0.1
MountainCar_DQN_GS_EpsilonGreedy_notes_cpu_04-04-2018__04_28_54_262344,-1479.29,1138.76,-292.0,-5676.0,-1980.75,-1192.5,-733.75,MountainCar-v0,DQN_GS,EpsilonGreedy,10000,cpu,True,3,4,128,0.99,0.0001,False,RMSprop,Huber,0.1
MountainCar_DDQN_GS_EpsilonGreedy_notes_cpu_04-04-2018__04_17_27_012055,-16590.0,5908.03,-6357.0,-20001.0,-20001.0,-20001.0,-16590.0,MountainCar-v0,DDQN_GS,EpsilonGreedy,10000,cpu,sort of. this is a DDQN,3,4,128,0.99,0.0001,False,RMSprop,MSE,0.001
MountainCar_DDQN_GS_EpsilonGreedy_notes_cpu_04-04-2018__02_40_25_266781,-4016.77,6439.23,-427.0,-20001.0,-2434.5,-1240.0,-546.5,MountainCar-v0,DDQN_GS,EpsilonGreedy,10000,cpu,sort of. this is a DDQN,3,4,128,0.99,0.0001,False,RMSprop,MSE,0.1
MountainCar_DDQN_GS_EpsilonGreedy_notes_cpu_04-04-2018__05_27_18_020612,-16475.75,6105.91,-5900.0,-20001.0,-20001.0,-20001.0,-16475.75,MountainCar-v0,DDQN_GS,EpsilonGreedy,10000,cpu,sort of. this is a DDQN,3,4,128,0.99,0.0001,True,RMSprop,MSE,0.1
MountainCar_DQN_GS_EpsilonGreedy_notes_cpu_04-04-2018__01_31_34_708520,-447.0,188.12,-171.0,-1176.0,-555.0,-409.0,-320.0,MountainCar-v0,DQN_GS,EpsilonGreedy,10000,cpu,False,3,4,128,0.99,0.001,False,RMSprop,Huber,0.001
MountainCar_DDQN_GS_EpsilonGreedy_notes_cpu_04-04-2018__04_28_44_865572,-9000.0,8655.55,-1329.0,-20001.0,-18390.0,-1841.0,-1524.5,MountainCar-v0,DDQN_GS,EpsilonGreedy,10000,cpu,sort of. this is a DDQN,3,4,128,0.99,0.0001,True,RMSprop,MSE,0.001
MountainCar_DDQN_GS_EpsilonGreedy_notes_cpu_04-04-2018__03_30_53_810663,-1127.49,1630.87,-240.0,-10810.0,-1232.0,-645.0,-336.0,MountainCar-v0,DDQN_GS,EpsilonGreedy,10000,cpu,sort of. this is a DDQN,3,4,128,0.99,0.001,True,RMSprop,Huber,0.1
MountainCar_DDQN_GS_EpsilonGreedy_notes_cpu_04-04-2018__04_35_29_321813,-11402.14,6016.01,-3067.0,-20001.0,-16111.5,-9725.0,-7399.5,MountainCar-v0,DDQN_GS,EpsilonGreedy,10000,cpu,sort of. this is a DDQN,3,4,128,0.99,0.001,False,RMSprop,MSE,0.1
MountainCar_DQN_GS_EpsilonGreedy_notes_cpu_04-04-2018__03_09_10_360410,-1004.42,490.89,-328.0,-2771.0,-1220.0,-943.0,-701.0,MountainCar-v0,DQN_GS,EpsilonGreedy,10000,cpu,True,3,4,128,0.99,0.0001,True,RMSprop,MSE,0.001
MountainCar_DDQN_GS_EpsilonGreedy_notes_cpu_04-04-2018__01_50_35_596220,-432.88,184.6,-169.0,-1051.0,-511.0,-411.0,-308.0,MountainCar-v0,DDQN_GS,EpsilonGreedy,10000,cpu,sort of. this is a DDQN,3,4,128,0.99,0.001,False,RMSprop,Huber,0.1
MountainCar_DQN_GS_EpsilonGreedy_notes_cpu_04-04-2018__01_31_49_414331,-5329.53,5220.48,-479.0,-20001.0,-7335.0,-3004.0,-1482.0,MountainCar-v0,DQN_GS,EpsilonGreedy,10000,cpu,False,3,4,128,0.99,0.0001,False,RMSprop,Huber,0.001
MountainCar_DQN_GS_EpsilonGreedy_notes_cpu_04-04-2018__02_47_31_360288,-20001.0,0.0,-20001.0,-20001.0,-20001.0,-20001.0,-20001.0,MountainCar-v0,DQN_GS,EpsilonGreedy,10000,cpu,False,3,4,128,0.99,0.001,True,RMSprop,MSE,0.1
MountainCar_DDQN_GS_EpsilonGreedy_notes_cpu_04-04-2018__02_50_37_595627,-13703.71,6131.56,-4516.0,-20001.0,-20001.0,-14507.0,-8450.0,MountainCar-v0,DDQN_GS,EpsilonGreedy,10000,cpu,sort of. this is a DDQN,3,4,128,0.99,0.0001,True,RMSprop,Huber,0.001
MountainCar_DQN_GS_EpsilonGreedy_notes_cpu_04-04-2018__04_38_44_903216,-1718.24,1423.86,-280.0,-7877.0,-2210.25,-1425.5,-774.25,MountainCar-v0,DQN_GS,EpsilonGreedy,10000,cpu,True,3,4,128,0.99,0.0001,False,RMSprop,MSE,0.1
MountainCar_DDQN_GS_EpsilonGreedy_notes_cpu_04-04-2018__01_45_08_635064,-10418.64,7442.35,-819.0,-20001.0,-17673.5,-9629.0,-2457.5,MountainCar-v0,DDQN_GS,EpsilonGreedy,10000,cpu,sort of. this is a DDQN,3,4,128,0.99,0.001,True,RMSprop,MSE,0.001
MountainCar_DQN_GS_EpsilonGreedy_notes_cpu_04-04-2018__03_43_59_334145,-747.5,485.4,-99.0,-2435.0,-1013.75,-625.5,-384.25,MountainCar-v0,DQN_GS,EpsilonGreedy,10000,cpu,True,3,4,128,0.99,0.001,False,RMSprop,MSE,0.1
MountainCar_DDQN_GS_EpsilonGreedy_notes_cpu_04-04-2018__01_32_47_839715,-9839.33,5353.6,-3615.0,-20001.0,-10994.25,-9825.0,-5745.75,MountainCar-v0,DDQN_GS,EpsilonGreedy,10000,cpu,sort of. this is a DDQN,3,4,128,0.99,0.001,False,RMSprop,MSE,0.001
MountainCar_DDQN_GS_EpsilonGreedy_notes_cpu_04-04-2018__04_28_52_359092,-7147.6,6610.53,-515.0,-20001.0,-11959.25,-4686.5,-1230.25,MountainCar-v0,DDQN_GS,EpsilonGreedy,10000,cpu,sort of. this is a DDQN,3,4,128,0.99,0.0001,False,RMSprop,Huber,0.1
MountainCar_DQN_GS_EpsilonGreedy_notes_cpu_04-04-2018__01_32_27_482589,-1985.02,3689.23,-292.0,-20001.0,-1531.75,-828.5,-551.25,MountainCar-v0,DQN_GS,EpsilonGreedy,10000,cpu,False,3,4,128,0.99,0.0001,True,RMSprop,Huber,0.001
MountainCar_DDQN_GS_EpsilonGreedy_notes_cpu_04-04-2018__04_29_07_194533,-515.18,260.42,-218.0,-1543.0,-597.5,-429.0,-344.5,MountainCar-v0,DDQN_GS,EpsilonGreedy,10000,cpu,sort of. this is a DDQN,3,4,128,0.99,0.0001,True,RMSprop,Huber,0.1
MountainCar_DQN_GS_EpsilonGreedy_notes_cpu_04-04-2018__04_16_53_283772,-16392.0,7218.0,-1956.0,-20001.0,-20001.0,-20001.0,-20001.0,MountainCar-v0,DQN_GS,EpsilonGreedy,10000,cpu,True,3,4,128,0.99,0.0001,False,RMSprop,MSE,0.001
MountainCar_DDQN_GS_EpsilonGreedy_notes_cpu_04-04-2018__04_28_44_863332,-194.65,40.72,-115.0,-367.0,-217.5,-186.0,-167.0,MountainCar-v0,DDQN_GS,EpsilonGreedy,10000,cpu,sort of. this is a DDQN,3,4,128,0.99,0.001,False,RMSprop,Huber,0.1
MountainCar_DDQN_GS_EpsilonGreedy_notes_cpu_04-04-2018__04_03_49_384505,-20001.0,0.0,-20001.0,-20001.0,-20001.0,-20001.0,-20001.0,MountainCar-v0,DDQN_GS,EpsilonGreedy,10000,cpu,sort of. this is a DDQN,3,4,128,0.99,0.001,True,RMSprop,Huber,0.001
MountainCar_DQN_GS_EpsilonGreedy_notes_cpu_04-04-2018__02_58_24_600187,-9707.14,7842.63,-1671.0,-20001.0,-17921.5,-3550.0,-3442.5,MountainCar-v0,DQN_GS,EpsilonGreedy,10000,cpu,True,3,4,128,0.99,0.0001,False,RMSprop,MSE,0.001
MountainCar_DQN_GS_EpsilonGreedy_notes_cpu_04-04-2018__02_01_41_792923,-1461.47,1160.67,-311.0,-5345.0,-1915.5,-1085.0,-596.75,MountainCar-v0,DQN_GS,EpsilonGreedy,10000,cpu,False,3,4,128,0.99,0.001,True,RMSprop,Huber,0.1
MountainCar_DDQN_GS_EpsilonGreedy_notes_cpu_04-04-2018__02_50_17_097917,-15185.0,8341.56,-737.0,-20001.0,-20001.0,-20001.0,-15185.0,MountainCar-v0,DDQN_GS,EpsilonGreedy,10000,cpu,sort of. this is a DDQN,3,4,128,0.99,0.0001,False,RMSprop,Huber,0.001
MountainCar_DQN_GS_EpsilonGreedy_notes_cpu_04-04-2018__04_24_31_208268,-1204.16,860.74,-263.0,-5553.0,-1405.0,-1056.0,-692.0,MountainCar-v0,DQN_GS,EpsilonGreedy,10000,cpu,True,3,4,128,0.99,0.0001,True,RMSprop,MSE,0.001
MountainCar_DDQN_GS_EpsilonGreedy_notes_cpu_04-04-2018__02_48_28_288184,-9878.0,7434.56,-702.0,-20001.0,-16392.0,-7425.0,-4117.0,MountainCar-v0,DDQN_GS,EpsilonGreedy,10000,cpu,sort of. this is a DDQN,3,4,128,0.99,0.001,True,RMSprop,MSE,0.1
MountainCar_DQN_GS_EpsilonGreedy_notes_cpu_04-04-2018__03_47_04_930730,-1469.73,1547.28,-484.0,-8547.0,-1723.5,-927.0,-773.0,MountainCar-v0,DQN_GS,EpsilonGreedy,10000,cpu,True,3,4,128,0.99,0.0001,False,RMSprop,MSE,0.1
MountainCar_DDQN_GS_EpsilonGreedy_notes_cpu_04-04-2018__03_12_51_971056,-5584.0,7410.66,-569.0,-20001.0,-7241.5,-1066.0,-872.5,MountainCar-v0,DDQN_GS,EpsilonGreedy,10000,cpu,sort of. this is a DDQN,3,4,128,0.99,0.0001,True,RMSprop,MSE,0.001
MountainCar_DDQN_GS_EpsilonGreedy_notes_cpu_04-04-2018__03_24_30_536583,-2717.67,3193.25,-462.0,-12337.0,-2562.5,-1637.0,-799.25,MountainCar-v0,DDQN_GS,EpsilonGreedy,10000,cpu,sort of. this is a DDQN,3,4,128,0.99,0.0001,False,RMSprop,Huber,0.1
MountainCar_DQN_GS_EpsilonGreedy_notes_cpu_04-04-2018__03_18_18_506294,-815.88,514.64,-146.0,-2851.0,-994.0,-713.0,-454.25,MountainCar-v0,DQN_GS,EpsilonGreedy,10000,cpu,True,3,4,128,0.99,0.001,False,RMSprop,Huber,0.1
MountainCar_DDQN_GS_EpsilonGreedy_notes_cpu_04-04-2018__03_48_11_940186,-19439.0,1124.0,-17191.0,-20001.0,-20001.0,-20001.0,-20001.0,MountainCar-v0,DDQN_GS,EpsilonGreedy,10000,cpu,sort of. this is a DDQN,3,4,128,0.99,0.001,True,RMSprop,MSE,0.1
MountainCar_DDQN_GS_EpsilonGreedy_notes_cpu_04-04-2018__04_28_54_885098,-8716.88,8803.76,-375.0,-20001.0,-20001.0,-3292.0,-1611.25,MountainCar-v0,DDQN_GS,EpsilonGreedy,10000,cpu,sort of. this is a DDQN,3,4,128,0.99,0.001,True,RMSprop,Huber,0.1
MountainCar_DDQN_GS_EpsilonGreedy_notes_cpu_04-04-2018__02_55_32_864889,-4376.29,4702.84,-452.0,-20001.0,-4659.0,-2555.0,-1536.0,MountainCar-v0,DDQN_GS,EpsilonGreedy,10000,cpu,sort of. this is a DDQN,3,4,128,0.99,0.001,False,RMSprop,MSE,0.001
MountainCar_DQN_GS_EpsilonGreedy_notes_cpu_04-04-2018__02_50_31_453351,-1287.73,1064.17,-397.0,-4760.0,-1364.75,-938.0,-688.75,MountainCar-v0,DQN_GS,EpsilonGreedy,10000,cpu,True,3,4,128,0.99,0.0001,True,RMSprop,Huber,0.001
MountainCar_DDQN_GS_EpsilonGreedy_notes_cpu_04-04-2018__03_53_32_859599,-18900.5,1878.66,-14877.0,-20001.0,-20001.0,-20001.0,-18891.75,MountainCar-v0,DDQN_GS,EpsilonGreedy,10000,cpu,sort of. this is a DDQN,3,4,128,0.99,0.0001,False,RMSprop,Huber,0.001
MountainCar_DDQN_GS_EpsilonGreedy_notes_cpu_04-04-2018__04_21_28_296434,-15362.0,5403.67,-6804.0,-20001.0,-20001.0,-17321.5,-12682.5,MountainCar-v0,DDQN_GS,EpsilonGreedy,10000,cpu,sort of. this is a DDQN,3,4,128,0.99,0.001,True,RMSprop,MSE,0.001
MountainCar_DDQN_GS_EpsilonGreedy_notes_cpu_04-04-2018__03_08_04_735456,-2751.59,2039.35,-536.0,-10195.0,-3232.5,-2207.0,-1450.0,MountainCar-v0,DDQN_GS,EpsilonGreedy,10000,cpu,sort of. this is a DDQN,3,4,128,0.99,0.001,True,RMSprop,MSE,0.001
MountainCar_DQN_GS_EpsilonGreedy_notes_cpu_04-04-2018__03_50_06_334539,-741.46,475.74,-156.0,-2208.0,-977.5,-584.0,-399.0,MountainCar-v0,DQN_GS,EpsilonGreedy,10000,cpu,True,3,4,128,0.99,0.001,False,RMSprop,Huber,0.001
MountainCar_DDQN_GS_EpsilonGreedy_notes_cpu_04-04-2018__01_45_08_661486,-14973.6,6329.04,-5117.0,-20001.0,-20001.0,-20001.0,-9748.0,MountainCar-v0,DDQN_GS,EpsilonGreedy,10000,cpu,sort of. this is a DDQN,3,4,128,0.99,0.0001,False,RMSprop,MSE,0.001
MountainCar_DDQN_GS_EpsilonGreedy_notes_cpu_04-04-2018__04_13_56_042821,-5227.27,6045.76,-369.0,-20001.0,-4763.5,-2350.0,-1713.0,MountainCar-v0,DDQN_GS,EpsilonGreedy,10000,cpu,sort of. this is a DDQN,3,4,128,0.99,0.001,False,RMSprop,MSE,0.001
MountainCar_DQN_GS_EpsilonGreedy_notes_cpu_04-04-2018__04_28_55_171171,-1009.43,712.02,-132.0,-3657.0,-1267.0,-786.0,-517.0,MountainCar-v0,DQN_GS,EpsilonGreedy,10000,cpu,True,3,4,128,0.99,0.001,True,RMSprop,Huber,0.1
MountainCar_DQN_GS_EpsilonGreedy_notes_cpu_04-04-2018__03_29_36_723362,-931.31,729.21,-133.0,-4092.0,-1196.0,-706.0,-462.75,MountainCar-v0,DQN_GS,EpsilonGreedy,10000,cpu,True,3,4,128,0.99,0.001,True,RMSprop,Huber,0.1
MountainCar_DQN_GS_EpsilonGreedy_notes_cpu_04-04-2018__01_50_35_595805,-4386.12,5923.16,-616.0,-20001.0,-2673.0,-1763.0,-1314.0,MountainCar-v0,DQN_GS,EpsilonGreedy,10000,cpu,False,3,4,128,0.99,0.0001,False,RMSprop,Huber,0.1
MountainCar_DDQN_GS_EpsilonGreedy_notes_cpu_04-04-2018__03_47_10_847316,-11625.0,7858.15,-1639.0,-20001.0,-20001.0,-10608.0,-4408.0,MountainCar-v0,DDQN_GS,EpsilonGreedy,10000,cpu,sort of. this is a DDQN,3,4,128,0.99,0.0001,False,RMSprop,MSE,0.1
MountainCar_DQN_GS_EpsilonGreedy_notes_cpu_04-04-2018__04_00_30_667684,-3210.24,2504.1,-560.0,-9990.0,-3810.0,-2519.0,-1444.0,MountainCar-v0,DQN_GS,EpsilonGreedy,10000,cpu,True,3,4,128,0.99,0.001,True,RMSprop,Huber,0.001
MountainCar_DDQN_GS_EpsilonGreedy_notes_cpu_04-04-2018__05_15_31_540856,-11680.4,6928.74,-4160.0,-20001.0,-20001.0,-8428.0,-5812.0,MountainCar-v0,DDQN_GS,EpsilonGreedy,10000,cpu,sort of. this is a DDQN,3,4,128,0.99,0.001,True,RMSprop,MSE,0.1
MountainCar_DDQN_GS_EpsilonGreedy_notes_cpu_04-04-2018__02_50_17_097641,-203.34,51.92,-111.0,-402.0,-218.0,-190.5,-173.0,MountainCar-v0,DDQN_GS,EpsilonGreedy,10000,cpu,sort of. this is a DDQN,3,4,128,0.99,0.001,False,RMSprop,Huber,0.001
MountainCar_DDQN_GS_EpsilonGreedy_notes_cpu_04-04-2018__04_47_32_498673,-8952.9,7948.22,-850.0,-20001.0,-18077.25,-5276.5,-2013.0,MountainCar-v0,DDQN_GS,EpsilonGreedy,10000,cpu,sort of. this is a DDQN,3,4,128,0.99,0.0001,False,RMSprop,MSE,0.1
MountainCar_DDQN_GS_EpsilonGreedy_notes_cpu_04-04-2018__03_41_48_837922,-5280.19,6658.69,-520.0,-20001.0,-5060.5,-1944.0,-848.75,MountainCar-v0,DDQN_GS,EpsilonGreedy,10000,cpu,sort of. this is a DDQN,3,4,128,0.99,0.0001,True,RMSprop,Huber,0.1
MountainCar_DDQN_GS_EpsilonGreedy_notes_cpu_04-04-2018__03_49_29_238302,-17490.0,6150.67,-2424.0,-20001.0,-20001.0,-20001.0,-20001.0,MountainCar-v0,DDQN_GS,EpsilonGreedy,10000,cpu,sort of. this is a DDQN,3,4,128,0.99,0.0001,True,RMSprop,MSE,0.1
MountainCar_DQN_GS_EpsilonGreedy_notes_cpu_04-04-2018__02_50_17_098607,-9833.12,8514.17,-661.0,-20001.0,-20001.0,-7120.0,-2071.25,MountainCar-v0,DQN_GS,EpsilonGreedy,10000,cpu,False,3,4,128,0.99,0.0001,True,RMSprop,MSE,0.1
MountainCar_DQN_GS_EpsilonGreedy_notes_cpu_04-04-2018__01_50_32_433248,-12095.5,8454.23,-704.0,-20001.0,-20001.0,-15077.5,-3822.5,MountainCar-v0,DQN_GS,EpsilonGreedy,10000,cpu,False,3,4,128,0.99,0.0001,True,RMSprop,MSE,0.001
MountainCar_DQN_GS_EpsilonGreedy_notes_cpu_04-04-2018__04_06_00_538516,-2505.32,2214.54,-260.0,-11417.0,-2786.25,-2462.0,-895.75,MountainCar-v0,DQN_GS,EpsilonGreedy,10000,cpu,True,3,4,128,0.99,0.0001,True,RMSprop,Huber,0.001
MountainCar_DQN_GS_EpsilonGreedy_notes_cpu_04-04-2018__03_55_22_829854,-830.99,585.96,-125.0,-3264.0,-1011.5,-707.5,-387.25,MountainCar-v0,DQN_GS,EpsilonGreedy,10000,cpu,True,3,4,128,0.99,0.001,True,RMSprop,MSE,0.1
MountainCar_DDQN_GS_EpsilonGreedy_notes_cpu_04-04-2018__01_31_42_420250,-1181.5,730.16,-384.0,-3397.0,-1507.75,-931.5,-633.0,MountainCar-v0,DDQN_GS,EpsilonGreedy,10000,cpu,sort of. this is a DDQN,3,4,128,0.99,0.001,False,RMSprop,Huber,0.001
MountainCar_DQN_GS_EpsilonGreedy_notes_cpu_04-04-2018__02_50_17_098092,-2659.78,2317.95,-375.0,-8226.0,-4043.5,-1532.0,-969.0,MountainCar-v0,DQN_GS,EpsilonGreedy,10000,cpu,True,3,4,128,0.99,0.001,True,RMSprop,Huber,0.001
MountainCar_DQN_GS_EpsilonGreedy_notes_cpu_04-04-2018__03_37_11_732898,-1048.9,815.73,-87.0,-4531.0,-1425.0,-849.0,-460.0,MountainCar-v0,DQN_GS,EpsilonGreedy,10000,cpu,True,3,4,128,0.99,0.0001,True,RMSprop,Huber,0.1
MountainCar_DQN_GS_EpsilonGreedy_notes_cpu_04-04-2018__01_32_43_132603,-7969.43,6770.22,-808.0,-20001.0,-13194.75,-5013.5,-3164.5,MountainCar-v0,DQN_GS,EpsilonGreedy,10000,cpu,False,3,4,128,0.99,0.001,False,RMSprop,MSE,0.001
MountainCar_DDQN_GS_EpsilonGreedy_notes_cpu_04-04-2018__01_32_40_184115,-1730.96,1841.86,-529.0,-10527.0,-1673.25,-1274.5,-1141.0,MountainCar-v0,DDQN_GS,EpsilonGreedy,10000,cpu,sort of. this is a DDQN,3,4,128,0.99,0.0001,True,RMSprop,Huber,0.001
MountainCar_DDQN_GS_EpsilonGreedy_notes_cpu_04-04-2018__02_50_17_098921,-13460.17,9017.75,-574.0,-20001.0,-20001.0,-19667.5,-5471.0,MountainCar-v0,DDQN_GS,EpsilonGreedy,10000,cpu,sort of. this is a DDQN,3,4,128,0.99,0.0001,True,RMSprop,MSE,0.1
MountainCar_DQN_GS_EpsilonGreedy_notes_cpu_04-04-2018__03_05_58_752026,-16668.0,5772.93,-6669.0,-20001.0,-20001.0,-20001.0,-16668.0,MountainCar-v0,DQN_GS,EpsilonGreedy,10000,cpu,True,3,4,128,0.99,0.001,True,RMSprop,MSE,0.001
MountainCar_DDQN_GS_EpsilonGreedy_notes_cpu_04-04-2018__03_03_46_477650,-5270.4,5764.69,-752.0,-20001.0,-5194.0,-2608.0,-1633.25,MountainCar-v0,DDQN_GS,EpsilonGreedy,10000,cpu,sort of. this is a DDQN,3,4,128,0.99,0.0001,False,RMSprop,MSE,0.001
MountainCar_DDQN_GS_EpsilonGreedy_notes_cpu_04-04-2018__01_50_32_394696,-3271.18,5372.57,-712.0,-20001.0,-2668.0,-1089.0,-962.5,MountainCar-v0,DDQN_GS,EpsilonGreedy,10000,cpu,sort of. this is a DDQN,3,4,128,0.99,0.0001,True,RMSprop,MSE,0.001
MountainCar_DQN_GS_EpsilonGreedy_notes_cpu_04-04-2018__02_38_36_530291,-4876.28,5644.09,-416.0,-20001.0,-4816.0,-3144.5,-1051.5,MountainCar-v0,DQN_GS,EpsilonGreedy,10000,cpu,False,3,4,128,0.99,0.0001,False,RMSprop,MSE,0.1
MountainCar_DQN_GS_EpsilonGreedy_notes_cpu_04-04-2018__02_51_47_855335,-1616.17,1391.8,-199.0,-5261.0,-1857.0,-1154.0,-676.5,MountainCar-v0,DQN_GS,EpsilonGreedy,10000,cpu,True,3,4,128,0.99,0.001,False,RMSprop,MSE,0.001
MountainCar_DQN_GS_EpsilonGreedy_notes_cpu_04-04-2018__03_57_18_976556,-2264.41,1263.99,-616.0,-6490.0,-2825.0,-2027.0,-1310.75,MountainCar-v0,DQN_GS,EpsilonGreedy,10000,cpu,True,3,4,128,0.99,0.0001,False,RMSprop,Huber,0.001
MountainCar_DDQN_GS_EpsilonGreedy_notes_cpu_04-04-2018__01_50_35_596107,-11055.86,6485.94,-2184.0,-20001.0,-16134.5,-13226.0,-4855.5,MountainCar-v0,DDQN_GS,EpsilonGreedy,10000,cpu,sort of. this is a DDQN,3,4,128,0.99,0.0001,False,RMSprop,Huber,0.1
MountainCar_DQN_GS_EpsilonGreedy_notes_cpu_04-04-2018__03_49_08_600452,-833.03,569.88,-191.0,-3861.0,-1089.0,-700.0,-463.0,MountainCar-v0,DQN_GS,EpsilonGreedy,10000,cpu,True,3,4,128,0.99,0.0001,True,RMSprop,MSE,0.1
MountainCar_DDQN_GS_EpsilonGreedy_notes_cpu_04-04-2018__03_55_32_350449,-401.52,174.12,-205.0,-957.0,-507.0,-355.0,-271.0,MountainCar-v0,DDQN_GS,EpsilonGreedy,10000,cpu,sort of. this is a DDQN,3,4,128,0.99,0.001,False,RMSprop,Huber,0.001
MountainCar_DQN_GS_EpsilonGreedy_notes_cpu_04-04-2018__02_50_17_097303,-12614.78,8417.26,-712.0,-20001.0,-20001.0,-20001.0,-2754.0,MountainCar-v0,DQN_GS,EpsilonGreedy,10000,cpu,True,3,4,128,0.99,0.0001,False,RMSprop,Huber,0.001
MountainCar_DDQN_GS_EpsilonGreedy_notes_cpu_04-04-2018__02_29_34_935085,-819.31,400.22,-366.0,-2607.0,-928.75,-696.5,-556.5,MountainCar-v0,DDQN_GS,EpsilonGreedy,10000,cpu,sort of. this is a DDQN,3,4,128,0.99,0.0001,True,RMSprop,Huber,0.1
Acrobot_DDQN_GS_EpsilonGreedy_notes_cpu_04-04-2018__04_28_54_808761,-159.18,62.1,-72.0,-432.0,-183.75,-146.0,-115.25,Acrobot-v1,DDQN_GS,EpsilonGreedy,10000,cpu,sort of. this is a DDQN,3,4,128,0.99,0.001,True,RMSprop,Huber,0.1
Acrobot_DDQN_GS_EpsilonGreedy_notes_cpu_04-04-2018__02_34_05_412371,-147.31,47.77,-74.0,-353.0,-168.75,-135.0,-115.0,Acrobot-v1,DDQN_GS,EpsilonGreedy,10000,cpu,sort of. this is a DDQN,3,4,128,0.99,0.001,False,RMSprop,MSE,0.1
Acrobot_DDQN_GS_EpsilonGreedy_notes_cpu_04-04-2018__04_32_57_957536,-139.9,68.38,-72.0,-773.0,-150.0,-125.0,-105.0,Acrobot-v1,DDQN_GS,EpsilonGreedy,10000,cpu,sort of. this is a DDQN,3,4,128,0.99,0.001,False,RMSprop,MSE,0.1
Acrobot_DQN_GS_EpsilonGreedy_notes_cpu_04-04-2018__01_32_39_781764,-157.27,61.41,-79.0,-670.0,-174.0,-143.0,-119.5,Acrobot-v1,DQN_GS,EpsilonGreedy,10000,cpu,False,3,4,128,0.99,0.001,False,RMSprop,MSE,0.001
Acrobot_DDQN_GS_EpsilonGreedy_notes_cpu_04-04-2018__04_07_24_675751,-158.15,66.18,-64.0,-509.0,-181.0,-141.0,-113.0,Acrobot-v1,DDQN_GS,EpsilonGreedy,10000,cpu,sort of. this is a DDQN,3,4,128,0.99,0.0001,True,RMSprop,Huber,0.001
Acrobot_DDQN_GS_EpsilonGreedy_notes_cpu_04-04-2018__03_55_31_947468,-135.35,40.45,-67.0,-344.0,-153.0,-128.5,-108.0,Acrobot-v1,DDQN_GS,EpsilonGreedy,10000,cpu,sort of. this is a DDQN,3,4,128,0.99,0.001,False,RMSprop,Huber,0.001
Acrobot_DDQN_GS_EpsilonGreedy_notes_cpu_04-04-2018__01_32_04_868805,-240.46,116.49,-88.0,-812.0,-284.5,-220.0,-158.25,Acrobot-v1,DDQN_GS,EpsilonGreedy,10000,cpu,sort of. this is a DDQN,3,4,128,0.99,0.001,True,RMSprop,Huber,0.001
Acrobot_DQN_GS_EpsilonGreedy_notes_cpu_04-04-2018__01_32_54_155213,-178.23,91.4,-74.0,-742.0,-202.0,-151.0,-121.75,Acrobot-v1,DQN_GS,EpsilonGreedy,10000,cpu,False,3,4,128,0.99,0.0001,False,RMSprop,MSE,0.001
Acrobot_DDQN_GS_EpsilonGreedy_notes_cpu_04-04-2018__04_01_31_138088,-144.14,49.84,-64.0,-355.0,-163.0,-134.0,-110.0,Acrobot-v1,DDQN_GS,EpsilonGreedy,10000,cpu,sort of. this is a DDQN,3,4,128,0.99,0.001,True,RMSprop,Huber,0.001
Acrobot_DDQN_GS_EpsilonGreedy_notes_cpu_04-04-2018__02_54_44_437576,-151.63,129.17,-75.0,-2056.0,-162.0,-124.0,-104.0,Acrobot-v1,DDQN_GS,EpsilonGreedy,10000,cpu,sort of. this is a DDQN,3,4,128,0.99,0.001,False,RMSprop,MSE,0.001
Acrobot_DDQN_GS_EpsilonGreedy_notes_cpu_04-04-2018__02_48_29_594273,-183.68,135.14,-78.0,-1855.0,-209.5,-157.0,-127.0,Acrobot-v1,DDQN_GS,EpsilonGreedy,10000,cpu,sort of. this is a DDQN,3,4,128,0.99,0.001,True,RMSprop,MSE,0.1
Acrobot_DDQN_GS_EpsilonGreedy_notes_cpu_04-04-2018__03_47_10_846843,-416.56,225.39,-129.0,-1178.0,-508.5,-352.0,-252.5,Acrobot-v1,DDQN_GS,EpsilonGreedy,10000,cpu,sort of. this is a DDQN,3,4,128,0.99,0.0001,False,RMSprop,MSE,0.1
Acrobot_DQN_GS_EpsilonGreedy_notes_cpu_04-04-2018__04_28_53_635701,-817.23,521.46,-184.0,-2797.0,-961.5,-682.0,-477.0,Acrobot-v1,DQN_GS,EpsilonGreedy,10000,cpu,True,3,4,128,0.99,0.001,True,RMSprop,Huber,0.1
Acrobot_DDQN_GS_EpsilonGreedy_notes_cpu_04-04-2018__05_28_18_179523,-156.39,85.97,-63.0,-800.0,-178.75,-135.0,-105.0,Acrobot-v1,DDQN_GS,EpsilonGreedy,10000,cpu,sort of. this is a DDQN,3,4,128,0.99,0.0001,True,RMSprop,MSE,0.1
Acrobot_DQN_GS_EpsilonGreedy_notes_cpu_04-04-2018__01_31_49_328394,-239.31,110.24,-73.0,-845.0,-282.0,-214.0,-165.5,Acrobot-v1,DQN_GS,EpsilonGreedy,10000,cpu,False,3,4,128,0.99,0.0001,False,RMSprop,Huber,0.001
Acrobot_DQN_GS_EpsilonGreedy_notes_cpu_04-04-2018__04_19_25_676011,-668.61,403.64,-147.0,-2311.0,-821.5,-571.0,-401.0,Acrobot-v1,DQN_GS,EpsilonGreedy,10000,cpu,True,3,4,128,0.99,0.001,True,RMSprop,MSE,0.001
Acrobot_DQN_GS_EpsilonGreedy_notes_cpu_04-04-2018__02_50_17_098084,-740.64,475.0,-169.0,-2675.0,-841.0,-664.0,-419.0,Acrobot-v1,DQN_GS,EpsilonGreedy,10000,cpu,True,3,4,128,0.99,0.001,True,RMSprop,Huber,0.001
Acrobot_DDQN_GS_EpsilonGreedy_notes_cpu_04-04-2018__02_50_17_098289,-165.4,72.23,-76.0,-591.0,-189.75,-148.5,-115.0,Acrobot-v1,DDQN_GS,EpsilonGreedy,10000,cpu,sort of. this is a DDQN,3,4,128,0.99,0.001,True,RMSprop,Huber,0.001
Acrobot_DQN_GS_EpsilonGreedy_notes_cpu_04-04-2018__03_16_47_197142,-774.19,384.73,-251.0,-2281.0,-965.0,-663.0,-501.0,Acrobot-v1,DQN_GS,EpsilonGreedy,10000,cpu,True,3,4,128,0.99,0.001,False,RMSprop,Huber,0.1
Acrobot_DDQN_GS_EpsilonGreedy_notes_cpu_04-04-2018__02_07_06_716869,-145.66,56.42,-64.0,-472.0,-171.75,-132.5,-105.0,Acrobot-v1,DDQN_GS,EpsilonGreedy,10000,cpu,sort of. this is a DDQN,3,4,128,0.99,0.001,True,RMSprop,Huber,0.1
Acrobot_DDQN_GS_EpsilonGreedy_notes_cpu_04-04-2018__03_23_45_058742,-250.87,115.91,-97.0,-896.0,-308.25,-216.5,-171.25,Acrobot-v1,DDQN_GS,EpsilonGreedy,10000,cpu,sort of. this is a DDQN,3,4,128,0.99,0.0001,False,RMSprop,Huber,0.1
Acrobot_DDQN_GS_EpsilonGreedy_notes_cpu_04-04-2018__04_47_32_498670,-564.35,333.07,-151.0,-2284.0,-661.0,-485.5,-361.0,Acrobot-v1,DDQN_GS,EpsilonGreedy,10000,cpu,sort of. this is a DDQN,3,4,128,0.99,0.0001,False,RMSprop,MSE,0.1
Acrobot_DQN_GS_EpsilonGreedy_notes_cpu_04-04-2018__01_32_20_456379,-188.52,80.69,-71.0,-589.0,-223.0,-168.5,-133.25,Acrobot-v1,DQN_GS,EpsilonGreedy,10000,cpu,False,3,4,128,0.99,0.0001,True,RMSprop,Huber,0.001
Acrobot_DDQN_GS_EpsilonGreedy_notes_cpu_04-04-2018__02_58_32_370072,-585.59,440.16,-135.0,-2527.0,-694.0,-450.0,-334.0,Acrobot-v1,DDQN_GS,EpsilonGreedy,10000,cpu,sort of. this is a DDQN,3,4,128,0.99,0.0001,False,RMSprop,MSE,0.001
Acrobot_DQN_GS_EpsilonGreedy_notes_cpu_04-04-2018__04_14_54_878268,-2492.04,2260.39,-200.0,-9912.0,-3242.5,-1868.0,-809.0,Acrobot-v1,DQN_GS,EpsilonGreedy,10000,cpu,True,3,4,128,0.99,0.0001,False,RMSprop,MSE,0.001
Acrobot_DQN_GS_EpsilonGreedy_notes_cpu_04-04-2018__03_57_19_722056,-544.3,307.04,-143.0,-1958.0,-675.5,-454.5,-337.75,Acrobot-v1,DQN_GS,EpsilonGreedy,10000,cpu,True,3,4,128,0.99,0.001,True,RMSprop,Huber,0.001
Acrobot_DDQN_GS_EpsilonGreedy_notes_cpu_04-04-2018__03_20_44_458273,-500.71,285.68,-158.0,-1723.0,-627.0,-431.0,-293.0,Acrobot-v1,DDQN_GS,EpsilonGreedy,10000,cpu,sort of. this is a DDQN,3,4,128,0.99,0.001,False,RMSprop,Huber,0.1
Acrobot_DDQN_GS_EpsilonGreedy_notes_cpu_04-04-2018__01_32_32_680196,-150.46,48.16,-70.0,-368.0,-174.0,-141.0,-116.0,Acrobot-v1,DDQN_GS,EpsilonGreedy,10000,cpu,sort of. this is a DDQN,3,4,128,0.99,0.0001,True,RMSprop,Huber,0.001
Acrobot_DDQN_GS_EpsilonGreedy_notes_cpu_04-04-2018__04_17_22_715048,-441.61,247.58,-138.0,-1450.0,-543.0,-362.0,-280.0,Acrobot-v1,DDQN_GS,EpsilonGreedy,10000,cpu,sort of. this is a DDQN,3,4,128,0.99,0.0001,False,RMSprop,MSE,0.001
Acrobot_DQN_GS_EpsilonGreedy_notes_cpu_04-04-2018__02_50_17_098455,-408.39,201.06,-161.0,-1438.0,-529.0,-363.0,-258.5,Acrobot-v1,DQN_GS,EpsilonGreedy,10000,cpu,True,3,4,128,0.99,0.001,False,RMSprop,Huber,0.001
Acrobot_DDQN_GS_EpsilonGreedy_notes_cpu_04-04-2018__03_55_23_966959,-167.83,94.17,-78.0,-954.0,-192.0,-142.0,-113.0,Acrobot-v1,DDQN_GS,EpsilonGreedy,10000,cpu,sort of. this is a DDQN,3,4,128,0.99,0.001,True,RMSprop,MSE,0.1
Acrobot_DQN_GS_EpsilonGreedy_notes_cpu_04-04-2018__01_45_08_643474,-179.96,75.18,-86.0,-511.0,-202.75,-162.0,-128.25,Acrobot-v1,DQN_GS,EpsilonGreedy,10000,cpu,False,3,4,128,0.99,0.001,True,RMSprop,MSE,0.001
Acrobot_DDQN_GS_EpsilonGreedy_notes_cpu_04-04-2018__02_50_31_873293,-175.03,75.94,-70.0,-725.0,-200.75,-153.0,-129.0,Acrobot-v1,DDQN_GS,EpsilonGreedy,10000,cpu,sort of. this is a DDQN,3,4,128,0.99,0.0001,True,RMSprop,Huber,0.001
Acrobot_DDQN_GS_EpsilonGreedy_notes_cpu_04-04-2018__02_50_17_098922,-168.9,89.74,-71.0,-907.0,-196.0,-146.0,-114.0,Acrobot-v1,DDQN_GS,EpsilonGreedy,10000,cpu,sort of. this is a DDQN,3,4,128,0.99,0.0001,True,RMSprop,MSE,0.1
Acrobot_DDQN_GS_EpsilonGreedy_notes_cpu_04-04-2018__04_11_40_117673,-145.66,67.97,-64.0,-563.0,-164.75,-127.0,-102.0,Acrobot-v1,DDQN_GS,EpsilonGreedy,10000,cpu,sort of. this is a DDQN,3,4,128,0.99,0.001,False,RMSprop,MSE,0.001
Acrobot_DQN_GS_EpsilonGreedy_notes_cpu_04-04-2018__02_30_48_020246,-180.05,74.16,-63.0,-476.0,-205.0,-161.0,-131.0,Acrobot-v1,DQN_GS,EpsilonGreedy,10000,cpu,False,3,4,128,0.99,0.001,False,RMSprop,MSE,0.1
Acrobot_DDQN_GS_EpsilonGreedy_notes_cpu_04-04-2018__03_30_53_809490,-149.56,52.38,-71.0,-354.0,-167.75,-136.0,-115.25,Acrobot-v1,DDQN_GS,EpsilonGreedy,10000,cpu,sort of. this is a DDQN,3,4,128,0.99,0.001,True,RMSprop,Huber,0.1
Acrobot_DDQN_GS_EpsilonGreedy_notes_cpu_04-04-2018__04_28_44_863332,-153.17,71.0,-74.0,-861.0,-176.0,-136.0,-111.0,Acrobot-v1,DDQN_GS,EpsilonGreedy,10000,cpu,sort of. this is a DDQN,3,4,128,0.99,0.001,False,RMSprop,Huber,0.1
Acrobot_DDQN_GS_EpsilonGreedy_notes_cpu_04-04-2018__03_51_45_076181,-410.38,184.26,-141.0,-1055.0,-482.0,-355.0,-278.0,Acrobot-v1,DDQN_GS,EpsilonGreedy,10000,cpu,sort of. this is a DDQN,3,4,128,0.99,0.0001,False,RMSprop,Huber,0.001
Acrobot_DQN_GS_EpsilonGreedy_notes_cpu_04-04-2018__01_31_31_919490,-215.39,115.96,-92.0,-796.0,-258.0,-179.0,-138.0,Acrobot-v1,DQN_GS,EpsilonGreedy,10000,cpu,False,3,4,128,0.99,0.001,False,RMSprop,Huber,0.001
Acrobot_DQN_GS_EpsilonGreedy_notes_cpu_04-04-2018__03_49_47_469738,-636.33,346.03,-174.0,-1807.0,-785.0,-558.0,-390.0,Acrobot-v1,DQN_GS,EpsilonGreedy,10000,cpu,True,3,4,128,0.99,0.001,False,RMSprop,Huber,0.001
Acrobot_DDQN_GS_EpsilonGreedy_notes_cpu_04-04-2018__03_07_53_788827,-173.83,108.11,-73.0,-1101.0,-193.5,-141.0,-109.5,Acrobot-v1,DDQN_GS,EpsilonGreedy,10000,cpu,sort of. this is a DDQN,3,4,128,0.99,0.001,True,RMSprop,MSE,0.001
Acrobot_DQN_GS_EpsilonGreedy_notes_cpu_04-04-2018__01_32_05_116475,-225.07,117.94,-91.0,-1379.0,-254.0,-198.0,-164.0,Acrobot-v1,DQN_GS,EpsilonGreedy,10000,cpu,False,3,4,128,0.99,0.001,True,RMSprop,Huber,0.001
Acrobot_DQN_GS_EpsilonGreedy_notes_cpu_04-04-2018__04_28_44_865072,-842.63,593.13,-152.0,-2997.0,-1000.0,-718.0,-420.0,Acrobot-v1,DQN_GS,EpsilonGreedy,10000,cpu,True,3,4,128,0.99,0.0001,False,RMSprop,Huber,0.1
Acrobot_DDQN_GS_EpsilonGreedy_notes_cpu_04-04-2018__03_54_08_514348,-150.77,90.89,-70.0,-859.0,-162.0,-127.0,-104.0,Acrobot-v1,DDQN_GS,EpsilonGreedy,10000,cpu,sort of. this is a DDQN,3,4,128,0.99,0.001,False,RMSprop,MSE,0.1
Acrobot_DDQN_GS_EpsilonGreedy_notes_cpu_04-04-2018__05_09_20_441669,-197.57,126.04,-64.0,-1000.0,-227.5,-159.0,-117.75,Acrobot-v1,DDQN_GS,EpsilonGreedy,10000,cpu,sort of. this is a DDQN,3,4,128,0.99,0.001,True,RMSprop,MSE,0.1
Acrobot_DDQN_GS_EpsilonGreedy_notes_cpu_04-04-2018__02_40_08_384638,-438.97,272.19,-134.0,-1702.0,-528.0,-365.0,-258.5,Acrobot-v1,DDQN_GS,EpsilonGreedy,10000,cpu,sort of. this is a DDQN,3,4,128,0.99,0.0001,False,RMSprop,MSE,0.1
Acrobot_DQN_GS_EpsilonGreedy_notes_cpu_04-04-2018__02_51_26_702981,-796.69,650.67,-246.0,-4441.0,-912.75,-591.0,-405.25,Acrobot-v1,DQN_GS,EpsilonGreedy,10000,cpu,True,3,4,128,0.99,0.001,False,RMSprop,MSE,0.001
Acrobot_DDQN_GS_EpsilonGreedy_notes_cpu_04-04-2018__01_50_32_397858,-175.59,80.02,-74.0,-673.0,-196.0,-158.0,-126.25,Acrobot-v1,DDQN_GS,EpsilonGreedy,10000,cpu,sort of. this is a DDQN,3,4,128,0.99,0.0001,True,RMSprop,MSE,0.001
Acrobot_DQN_GS_EpsilonGreedy_notes_cpu_04-04-2018__03_22_02_757322,-1146.08,779.03,-189.0,-3711.0,-1589.0,-877.0,-635.0,Acrobot-v1,DQN_GS,EpsilonGreedy,10000,cpu,True,3,4,128,0.99,0.0001,False,RMSprop,Huber,0.1
Acrobot_DQN_GS_EpsilonGreedy_notes_cpu_04-04-2018__03_33_41_315769,-784.64,477.83,-234.0,-2783.0,-958.0,-652.5,-453.75,Acrobot-v1,DQN_GS,EpsilonGreedy,10000,cpu,True,3,4,128,0.99,0.0001,True,RMSprop,Huber,0.1
Acrobot_DDQN_GS_EpsilonGreedy_notes_cpu_04-04-2018__03_41_25_376925,-146.53,51.54,-64.0,-408.0,-170.5,-134.0,-110.0,Acrobot-v1,DDQN_GS,EpsilonGreedy,10000,cpu,sort of. this is a DDQN,3,4,128,0.99,0.0001,True,RMSprop,Huber,0.1
Acrobot_DQN_GS_EpsilonGreedy_notes_cpu_04-04-2018__04_28_44_861246,-901.73,411.45,-347.0,-2258.0,-1060.5,-871.0,-575.25,Acrobot-v1,DQN_GS,EpsilonGreedy,10000,cpu,True,3,4,128,0.99,0.001,False,RMSprop,Huber,0.1
Acrobot_DDQN_GS_EpsilonGreedy_notes_cpu_04-04-2018__03_11_49_659424,-165.74,69.32,-87.0,-656.0,-181.0,-146.0,-125.0,Acrobot-v1,DDQN_GS,EpsilonGreedy,10000,cpu,sort of. this is a DDQN,3,4,128,0.99,0.0001,True,RMSprop,MSE,0.001
Acrobot_DQN_GS_EpsilonGreedy_notes_cpu_04-04-2018__03_49_08_600440,-794.99,436.47,-285.0,-2325.0,-974.25,-707.0,-455.0,Acrobot-v1,DQN_GS,EpsilonGreedy,10000,cpu,True,3,4,128,0.99,0.0001,True,RMSprop,MSE,0.1
Acrobot_DQN_GS_EpsilonGreedy_notes_cpu_04-04-2018__02_58_24_600196,-608.53,278.12,-183.0,-1371.0,-831.0,-524.0,-399.0,Acrobot-v1,DQN_GS,EpsilonGreedy,10000,cpu,True,3,4,128,0.99,0.0001,False,RMSprop,MSE,0.001
Acrobot_DQN_GS_EpsilonGreedy_notes_cpu_04-04-2018__01_50_35_596772,-194.12,122.92,-64.0,-1537.0,-229.0,-168.0,-134.0,Acrobot-v1,DQN_GS,EpsilonGreedy,10000,cpu,False,3,4,128,0.99,0.0001,False,RMSprop,Huber,0.1
Acrobot_DQN_GS_EpsilonGreedy_notes_cpu_04-04-2018__04_47_32_501843,-888.48,419.12,-328.0,-2397.0,-1106.5,-805.0,-562.5,Acrobot-v1,DQN_GS,EpsilonGreedy,10000,cpu,True,3,4,128,0.99,0.001,True,RMSprop,MSE,0.1
Acrobot_DDQN_GS_EpsilonGreedy_notes_cpu_04-04-2018__02_29_07_679178,-139.54,48.99,-63.0,-399.0,-160.0,-128.0,-107.0,Acrobot-v1,DDQN_GS,EpsilonGreedy,10000,cpu,sort of. this is a DDQN,3,4,128,0.99,0.0001,True,RMSprop,Huber,0.1
Acrobot_DQN_GS_EpsilonGreedy_notes_cpu_04-04-2018__04_29_07_498523,-947.58,474.2,-231.0,-2731.0,-1102.75,-813.0,-647.75,Acrobot-v1,DQN_GS,EpsilonGreedy,10000,cpu,True,3,4,128,0.99,0.001,False,RMSprop,MSE,0.1
Acrobot_DQN_GS_EpsilonGreedy_notes_cpu_04-04-2018__03_48_15_858968,-679.49,403.07,-248.0,-2400.0,-836.5,-541.0,-409.25,Acrobot-v1,DQN_GS,EpsilonGreedy,10000,cpu,True,3,4,128,0.99,0.0001,False,RMSprop,MSE,0.1
Acrobot_DQN_GS_EpsilonGreedy_notes_cpu_04-04-2018__05_23_16_568839,-956.9,414.66,-243.0,-2308.0,-1237.75,-943.5,-648.75,Acrobot-v1,DQN_GS,EpsilonGreedy,10000,cpu,True,3,4,128,0.99,0.0001,True,RMSprop,MSE,0.1
Acrobot_DDQN_GS_EpsilonGreedy_notes_cpu_04-04-2018__01_32_47_428333,-145.35,55.77,-72.0,-402.0,-170.0,-131.0,-108.0,Acrobot-v1,DDQN_GS,EpsilonGreedy,10000,cpu,sort of. this is a DDQN,3,4,128,0.99,0.001,False,RMSprop,MSE,0.001
Acrobot_DQN_GS_EpsilonGreedy_notes_cpu_04-04-2018__01_50_32_396439,-155.78,69.0,-64.0,-587.0,-190.0,-135.0,-109.0,Acrobot-v1,DQN_GS,EpsilonGreedy,10000,cpu,False,3,4,128,0.99,0.0001,True,RMSprop,MSE,0.001
Acrobot_DDQN_GS_EpsilonGreedy_notes_cpu_04-04-2018__02_50_17_098010,-294.46,158.44,-94.0,-1270.0,-360.0,-254.0,-197.0,Acrobot-v1,DDQN_GS,EpsilonGreedy,10000,cpu,sort of. this is a DDQN,3,4,128,0.99,0.0001,False,RMSprop,Huber,0.001
Acrobot_DQN_GS_EpsilonGreedy_notes_cpu_04-04-2018__03_57_18_455769,-860.84,550.37,-164.0,-2821.0,-1176.25,-692.0,-454.25,Acrobot-v1,DQN_GS,EpsilonGreedy,10000,cpu,True,3,4,128,0.99,0.0001,False,RMSprop,Huber,0.001
Acrobot_DQN_GS_EpsilonGreedy_notes_cpu_04-04-2018__02_46_29_376336,-177.25,105.28,-64.0,-1210.0,-210.0,-148.5,-119.0,Acrobot-v1,DQN_GS,EpsilonGreedy,10000,cpu,False,3,4,128,0.99,0.001,True,RMSprop,MSE,0.1
Acrobot_DQN_GS_EpsilonGreedy_notes_cpu_04-04-2018__01_50_39_743297,-199.37,103.45,-78.0,-786.0,-237.0,-168.0,-130.0,Acrobot-v1,DQN_GS,EpsilonGreedy,10000,cpu,False,3,4,128,0.99,0.001,True,RMSprop,Huber,0.1
Acrobot_DQN_GS_EpsilonGreedy_notes_cpu_04-04-2018__04_04_09_860514,-697.89,407.54,-250.0,-2318.0,-814.5,-579.0,-420.0,Acrobot-v1,DQN_GS,EpsilonGreedy,10000,cpu,True,3,4,128,0.99,0.0001,True,RMSprop,Huber,0.001
Acrobot_DQN_GS_EpsilonGreedy_notes_cpu_04-04-2018__02_50_17_098676,-170.02,78.95,-64.0,-614.0,-196.75,-151.5,-121.0,Acrobot-v1,DQN_GS,EpsilonGreedy,10000,cpu,False,3,4,128,0.99,0.0001,True,RMSprop,MSE,0.1
Acrobot_DQN_GS_EpsilonGreedy_notes_cpu_04-04-2018__03_29_11_529661,-936.77,503.81,-236.0,-2543.0,-1286.0,-801.0,-534.0,Acrobot-v1,DQN_GS,EpsilonGreedy,10000,cpu,True,3,4,128,0.99,0.001,True,RMSprop,Huber,0.1
Acrobot_DDQN_GS_EpsilonGreedy_notes_cpu_04-04-2018__04_20_24_736525,-164.55,59.17,-74.0,-466.0,-189.0,-151.0,-125.0,Acrobot-v1,DDQN_GS,EpsilonGreedy,10000,cpu,sort of. this is a DDQN,3,4,128,0.99,0.001,True,RMSprop,MSE,0.001
Acrobot_DDQN_GS_EpsilonGreedy_notes_cpu_04-04-2018__02_50_17_097416,-141.87,47.09,-70.0,-390.0,-165.75,-129.0,-109.0,Acrobot-v1,DDQN_GS,EpsilonGreedy,10000,cpu,sort of. this is a DDQN,3,4,128,0.99,0.001,False,RMSprop,Huber,0.001
Acrobot_DDQN_GS_EpsilonGreedy_notes_cpu_04-04-2018__04_28_52_816695,-302.07,154.59,-90.0,-992.0,-350.0,-261.0,-198.0,Acrobot-v1,DDQN_GS,EpsilonGreedy,10000,cpu,sort of. this is a DDQN,3,4,128,0.99,0.0001,False,RMSprop,Huber,0.1
Acrobot_DDQN_GS_EpsilonGreedy_notes_cpu_04-04-2018__01_45_08_643754,-338.86,136.82,-91.0,-800.0,-424.0,-321.0,-240.0,Acrobot-v1,DDQN_GS,EpsilonGreedy,10000,cpu,sort of. this is a DDQN,3,4,128,0.99,0.0001,False,RMSprop,MSE,0.001
Acrobot_DQN_GS_EpsilonGreedy_notes_cpu_04-04-2018__04_22_28_653617,-386.96,173.34,-116.0,-1111.0,-445.25,-355.5,-271.0,Acrobot-v1,DQN_GS,EpsilonGreedy,10000,cpu,True,3,4,128,0.99,0.0001,True,RMSprop,MSE,0.001
Acrobot_DDQN_GS_EpsilonGreedy_notes_cpu_04-04-2018__04_28_44_865577,-172.99,107.84,-63.0,-940.0,-198.75,-143.5,-107.0,Acrobot-v1,DDQN_GS,EpsilonGreedy,10000,cpu,sort of. this is a DDQN,3,4,128,0.99,0.0001,True,RMSprop,MSE,0.001
Acrobot_DDQN_GS_EpsilonGreedy_notes_cpu_04-04-2018__01_50_35_595499,-253.74,120.72,-97.0,-985.0,-295.0,-222.0,-178.0,Acrobot-v1,DDQN_GS,EpsilonGreedy,10000,cpu,sort of. this is a DDQN,3,4,128,0.99,0.0001,False,RMSprop,Huber,0.1
Acrobot_DDQN_GS_EpsilonGreedy_notes_cpu_04-04-2018__01_50_35_596223,-147.02,57.8,-64.0,-464.0,-167.0,-133.0,-108.0,Acrobot-v1,DDQN_GS,EpsilonGreedy,10000,cpu,sort of. this is a DDQN,3,4,128,0.99,0.001,False,RMSprop,Huber,0.1
Acrobot_DQN_GS_EpsilonGreedy_notes_cpu_04-04-2018__04_29_05_335624,-1006.76,513.11,-353.0,-3097.0,-1241.25,-896.0,-635.0,Acrobot-v1,DQN_GS,EpsilonGreedy,10000,cpu,True,3,4,128,0.99,0.0001,True,RMSprop,Huber,0.1
Acrobot_DQN_GS_EpsilonGreedy_notes_cpu_04-04-2018__04_11_40_135661,-794.59,566.77,-192.0,-3686.0,-965.25,-635.0,-420.5,Acrobot-v1,DQN_GS,EpsilonGreedy,10000,cpu,True,3,4,128,0.99,0.001,False,RMSprop,MSE,0.001
Acrobot_DQN_GS_EpsilonGreedy_notes_cpu_04-04-2018__03_47_14_953677,-891.8,360.13,-316.0,-2017.0,-1114.5,-873.0,-626.0,Acrobot-v1,DQN_GS,EpsilonGreedy,10000,cpu,True,3,4,128,0.99,0.001,True,RMSprop,MSE,0.1
Acrobot_DQN_GS_EpsilonGreedy_notes_cpu_04-04-2018__04_37_30_067188,-676.76,507.74,-98.0,-2962.0,-745.0,-532.5,-334.0,Acrobot-v1,DQN_GS,EpsilonGreedy,10000,cpu,True,3,4,128,0.99,0.0001,False,RMSprop,MSE,0.1
Acrobot_DQN_GS_EpsilonGreedy_notes_cpu_04-04-2018__02_36_32_841783,-253.47,151.23,-99.0,-1718.0,-288.75,-222.5,-175.5,Acrobot-v1,DQN_GS,EpsilonGreedy,10000,cpu,False,3,4,128,0.99,0.0001,False,RMSprop,MSE,0.1
Acrobot_DDQN_GS_EpsilonGreedy_notes_cpu_04-04-2018__01_31_40_830118,-185.58,82.78,-69.0,-597.0,-221.0,-162.0,-127.0,Acrobot-v1,DDQN_GS,EpsilonGreedy,10000,cpu,sort of. this is a DDQN,3,4,128,0.99,0.001,False,RMSprop,Huber,0.001
Acrobot_DQN_GS_EpsilonGreedy_notes_cpu_04-04-2018__01_50_32_393798,-184.25,107.05,-77.0,-1100.0,-202.0,-157.0,-127.0,Acrobot-v1,DQN_GS,EpsilonGreedy,10000,cpu,False,3,4,128,0.99,0.001,False,RMSprop,Huber,0.1
Acrobot_DDQN_GS_EpsilonGreedy_notes_cpu_04-04-2018__04_29_04_851893,-140.98,47.55,-77.0,-401.0,-165.0,-133.0,-107.0,Acrobot-v1,DDQN_GS,EpsilonGreedy,10000,cpu,sort of. this is a DDQN,3,4,128,0.99,0.0001,True,RMSprop,Huber,0.1
Acrobot_DDQN_GS_EpsilonGreedy_notes_cpu_04-04-2018__01_45_08_635201,-171.21,79.17,-75.0,-705.0,-194.0,-150.0,-122.75,Acrobot-v1,DDQN_GS,EpsilonGreedy,10000,cpu,sort of. this is a DDQN,3,4,128,0.99,0.001,True,RMSprop,MSE,0.001
Acrobot_DQN_GS_EpsilonGreedy_notes_cpu_04-04-2018__03_04_11_946991,-444.09,303.39,-107.0,-2103.0,-510.5,-344.0,-249.75,Acrobot-v1,DQN_GS,EpsilonGreedy,10000,cpu,True,3,4,128,0.99,0.001,True,RMSprop,MSE,0.001
Acrobot_DQN_GS_EpsilonGreedy_notes_cpu_04-04-2018__03_08_48_131502,-1010.66,635.77,-279.0,-3056.0,-1253.75,-829.0,-509.5,Acrobot-v1,DQN_GS,EpsilonGreedy,10000,cpu,True,3,4,128,0.99,0.0001,True,RMSprop,MSE,0.001
Acrobot_DDQN_GS_EpsilonGreedy_notes_cpu_04-04-2018__03_49_27_709592,-184.57,94.15,-75.0,-635.0,-215.0,-157.0,-120.5,Acrobot-v1,DDQN_GS,EpsilonGreedy,10000,cpu,sort of. this is a DDQN,3,4,128,0.99,0.0001,True,RMSprop,MSE,0.1
Acrobot_DQN_GS_EpsilonGreedy_notes_cpu_04-04-2018__02_26_40_777785,-172.18,77.34,-74.0,-761.0,-201.75,-155.0,-124.25,Acrobot-v1,DQN_GS,EpsilonGreedy,10000,cpu,False,3,4,128,0.99,0.0001,True,RMSprop,Huber,0.1
Acrobot_DQN_GS_EpsilonGreedy_notes_cpu_04-04-2018__03_43_59_613847,-716.43,325.18,-267.0,-1894.0,-800.0,-638.5,-469.0,Acrobot-v1,DQN_GS,EpsilonGreedy,10000,cpu,True,3,4,128,0.99,0.001,False,RMSprop,MSE,0.1
Acrobot_DQN_GS_EpsilonGreedy_notes_cpu_04-04-2018__02_50_17_097539,-363.18,163.98,-121.0,-1005.0,-449.5,-328.0,-251.5,Acrobot-v1,DQN_GS,EpsilonGreedy,10000,cpu,True,3,4,128,0.99,0.0001,True,RMSprop,Huber,0.001
Acrobot_DQN_GS_EpsilonGreedy_notes_cpu_04-04-2018__02_50_17_097303,-815.37,485.84,-218.0,-2490.0,-1073.0,-703.0,-464.0,Acrobot-v1,DQN_GS,EpsilonGreedy,10000,cpu,True,3,4,128,0.99,0.0001,False,RMSprop,Huber,0.001
CartPole_DQN_GS_EpsilonGreedy_notes_cpu_04-04-2018__03_16_25_994002,9.75,1.75,32.0,8.0,9.0,9.0,10.0,CartPole-v0,DQN_GS,EpsilonGreedy,10000,cpu,True,3,4,128,0.99,0.001,False,RMSprop,Huber,0.1
CartPole_DDQN_GS_EpsilonGreedy_notes_cpu_04-04-2018__04_11_40_176234,18.89,12.21,98.0,8.0,10.0,15.0,23.0,CartPole-v0,DDQN_GS,EpsilonGreedy,10000,cpu,sort of. this is a DDQN,3,4,128,0.99,0.001,False,RMSprop,MSE,0.001
CartPole_DQN_GS_EpsilonGreedy_notes_cpu_04-04-2018__04_28_44_865079,9.67,1.54,26.0,8.0,9.0,9.0,10.0,CartPole-v0,DQN_GS,EpsilonGreedy,10000,cpu,True,3,4,128,0.99,0.0001,False,RMSprop,Huber,0.1
CartPole_DDQN_GS_EpsilonGreedy_notes_cpu_04-04-2018__02_50_17_098300,32.99,18.97,155.0,8.0,19.0,30.0,44.0,CartPole-v0,DDQN_GS,EpsilonGreedy,10000,cpu,sort of. this is a DDQN,3,4,128,0.99,0.001,True,RMSprop,Huber,0.001
CartPole_DDQN_GS_EpsilonGreedy_notes_cpu_04-04-2018__02_47_52_521818,25.85,16.35,129.0,8.0,12.0,22.0,34.0,CartPole-v0,DDQN_GS,EpsilonGreedy,10000,cpu,sort of. this is a DDQN,3,4,128,0.99,0.001,True,RMSprop,MSE,0.1
CartPole_DQN_GS_EpsilonGreedy_notes_cpu_04-04-2018__05_21_18_402392,9.73,1.74,30.0,8.0,9.0,9.0,10.0,CartPole-v0,DQN_GS,EpsilonGreedy,10000,cpu,True,3,4,128,0.99,0.0001,True,RMSprop,MSE,0.1
CartPole_DDQN_GS_EpsilonGreedy_notes_cpu_04-04-2018__01_45_08_643032,9.7,1.65,27.0,8.0,9.0,9.0,10.0,CartPole-v0,DDQN_GS,EpsilonGreedy,10000,cpu,sort of. this is a DDQN,3,4,128,0.99,0.0001,False,RMSprop,MSE,0.001
CartPole_DQN_GS_EpsilonGreedy_notes_cpu_04-04-2018__02_18_58_564254,35.95,20.28,128.0,8.0,20.0,32.0,48.0,CartPole-v0,DQN_GS,EpsilonGreedy,10000,cpu,False,3,4,128,0.99,0.0001,True,RMSprop,Huber,0.1
CartPole_DQN_GS_EpsilonGreedy_notes_cpu_04-04-2018__01_45_08_661479,24.12,15.44,108.0,8.0,10.0,21.0,32.0,CartPole-v0,DQN_GS,EpsilonGreedy,10000,cpu,False,3,4,128,0.99,0.001,True,RMSprop,MSE,0.001
CartPole_DQN_GS_EpsilonGreedy_notes_cpu_04-04-2018__03_08_10_979126,16.7,9.96,90.0,8.0,10.0,13.0,20.0,CartPole-v0,DQN_GS,EpsilonGreedy,10000,cpu,True,3,4,128,0.99,0.0001,True,RMSprop,MSE,0.001
CartPole_DQN_GS_EpsilonGreedy_notes_cpu_04-04-2018__02_50_34_743906,18.15,13.17,91.0,8.0,10.0,11.0,23.0,CartPole-v0,DQN_GS,EpsilonGreedy,10000,cpu,True,3,4,128,0.99,0.001,False,RMSprop,MSE,0.001
CartPole_DDQN_GS_EpsilonGreedy_notes_cpu_04-04-2018__04_06_43_425120,28.99,18.99,139.0,8.0,13.0,26.0,38.0,CartPole-v0,DDQN_GS,EpsilonGreedy,10000,cpu,sort of. this is a DDQN,3,4,128,0.99,0.0001,True,RMSprop,Huber,0.001
CartPole_DDQN_GS_EpsilonGreedy_notes_cpu_04-04-2018__04_28_44_865505,34.19,19.59,156.0,8.0,19.0,32.0,45.0,CartPole-v0,DDQN_GS,EpsilonGreedy,10000,cpu,sort of. this is a DDQN,3,4,128,0.99,0.001,False,RMSprop,Huber,0.1
CartPole_DDQN_GS_EpsilonGreedy_notes_cpu_04-04-2018__01_50_32_397513,24.66,16.17,131.0,8.0,11.0,21.0,32.0,CartPole-v0,DDQN_GS,EpsilonGreedy,10000,cpu,sort of. this is a DDQN,3,4,128,0.99,0.0001,True,RMSprop,MSE,0.001
CartPole_DDQN_GS_EpsilonGreedy_notes_cpu_04-04-2018__01_32_44_355603,24.31,16.1,142.0,8.0,12.0,20.0,31.0,CartPole-v0,DDQN_GS,EpsilonGreedy,10000,cpu,sort of. this is a DDQN,3,4,128,0.99,0.001,False,RMSprop,MSE,0.001
CartPole_DDQN_GS_EpsilonGreedy_notes_cpu_04-04-2018__05_25_16_931389,21.66,14.47,100.0,8.0,10.0,16.0,29.0,CartPole-v0,DDQN_GS,EpsilonGreedy,10000,cpu,sort of. this is a DDQN,3,4,128,0.99,0.0001,True,RMSprop,MSE,0.1
CartPole_DDQN_GS_EpsilonGreedy_notes_cpu_04-04-2018__02_04_42_672009,30.48,16.49,107.0,8.0,19.0,28.0,39.0,CartPole-v0,DDQN_GS,EpsilonGreedy,10000,cpu,sort of. this is a DDQN,3,4,128,0.99,0.001,True,RMSprop,Huber,0.1
CartPole_DQN_GS_EpsilonGreedy_notes_cpu_04-04-2018__03_47_14_729124,9.68,1.61,25.0,8.0,9.0,9.0,10.0,CartPole-v0,DQN_GS,EpsilonGreedy,10000,cpu,True,3,4,128,0.99,0.001,True,RMSprop,MSE,0.1
CartPole_DQN_GS_EpsilonGreedy_notes_cpu_04-04-2018__04_14_24_633611,16.35,9.19,93.0,8.0,10.0,13.0,20.0,CartPole-v0,DQN_GS,EpsilonGreedy,10000,cpu,True,3,4,128,0.99,0.0001,False,RMSprop,MSE,0.001
CartPole_DQN_GS_EpsilonGreedy_notes_cpu_04-04-2018__01_31_49_954971,13.09,10.08,120.0,8.0,9.0,10.0,10.0,CartPole-v0,DQN_GS,EpsilonGreedy,10000,cpu,False,3,4,128,0.99,0.0001,False,RMSprop,Huber,0.001
CartPole_DDQN_GS_EpsilonGreedy_notes_cpu_04-04-2018__03_39_09_003277,28.44,16.57,122.0,8.0,17.0,26.0,36.0,CartPole-v0,DDQN_GS,EpsilonGreedy,10000,cpu,sort of. this is a DDQN,3,4,128,0.99,0.0001,True,RMSprop,Huber,0.1
CartPole_DQN_GS_EpsilonGreedy_notes_cpu_04-04-2018__01_50_32_397792,27.63,16.47,122.0,8.0,13.0,25.0,37.0,CartPole-v0,DQN_GS,EpsilonGreedy,10000,cpu,False,3,4,128,0.99,0.001,False,RMSprop,Huber,0.1
CartPole_DDQN_GS_EpsilonGreedy_notes_cpu_04-04-2018__04_28_54_334210,9.74,1.74,28.0,8.0,9.0,9.0,10.0,CartPole-v0,DDQN_GS,EpsilonGreedy,10000,cpu,sort of. this is a DDQN,3,4,128,0.99,0.0001,False,RMSprop,Huber,0.1
CartPole_DQN_GS_EpsilonGreedy_notes_cpu_04-04-2018__01_32_15_103779,29.9,19.94,135.0,8.0,13.0,25.0,40.0,CartPole-v0,DQN_GS,EpsilonGreedy,10000,cpu,False,3,4,128,0.99,0.0001,True,RMSprop,Huber,0.001
CartPole_DDQN_GS_EpsilonGreedy_notes_cpu_04-04-2018__03_55_22_832628,16.28,12.86,111.0,8.0,9.0,10.0,19.0,CartPole-v0,DDQN_GS,EpsilonGreedy,10000,cpu,sort of. this is a DDQN,3,4,128,0.99,0.001,True,RMSprop,MSE,0.1
CartPole_DQN_GS_EpsilonGreedy_notes_cpu_04-04-2018__02_50_17_098462,19.12,11.26,98.0,8.0,10.0,16.0,23.0,CartPole-v0,DQN_GS,EpsilonGreedy,10000,cpu,True,3,4,128,0.99,0.001,False,RMSprop,Huber,0.001
CartPole_DQN_GS_EpsilonGreedy_notes_cpu_04-04-2018__03_47_55_069538,9.68,1.6,32.0,8.0,9.0,9.0,10.0,CartPole-v0,DQN_GS,EpsilonGreedy,10000,cpu,True,3,4,128,0.99,0.0001,False,RMSprop,MSE,0.1
CartPole_DDQN_GS_EpsilonGreedy_notes_cpu_04-04-2018__03_23_33_490838,9.69,1.67,27.0,8.0,9.0,9.0,10.0,CartPole-v0,DDQN_GS,EpsilonGreedy,10000,cpu,sort of. this is a DDQN,3,4,128,0.99,0.0001,False,RMSprop,Huber,0.1
CartPole_DQN_GS_EpsilonGreedy_notes_cpu_04-04-2018__04_36_08_290668,9.75,1.7,26.0,8.0,9.0,9.0,10.0,CartPole-v0,DQN_GS,EpsilonGreedy,10000,cpu,True,3,4,128,0.99,0.0001,False,RMSprop,MSE,0.1
CartPole_DDQN_GS_EpsilonGreedy_notes_cpu_04-04-2018__02_39_26_231498,9.7,1.64,28.0,8.0,9.0,9.0,10.0,CartPole-v0,DDQN_GS,EpsilonGreedy,10000,cpu,sort of. this is a DDQN,3,4,128,0.99,0.0001,False,RMSprop,MSE,0.1
CartPole_DDQN_GS_EpsilonGreedy_notes_cpu_04-04-2018__03_50_39_227038,28.72,17.61,128.0,8.0,13.0,26.0,38.0,CartPole-v0,DDQN_GS,EpsilonGreedy,10000,cpu,sort of. this is a DDQN,3,4,128,0.99,0.001,False,RMSprop,Huber,0.001
CartPole_DQN_GS_EpsilonGreedy_notes_cpu_04-04-2018__02_50_17_097644,14.43,7.94,67.0,8.0,9.0,11.0,16.0,CartPole-v0,DQN_GS,EpsilonGreedy,10000,cpu,True,3,4,128,0.99,0.0001,False,RMSprop,Huber,0.001
CartPole_DQN_GS_EpsilonGreedy_notes_cpu_04-04-2018__01_31_29_367790,32.15,18.75,121.0,8.0,18.0,30.0,43.0,CartPole-v0,DQN_GS,EpsilonGreedy,10000,cpu,False,3,4,128,0.99,0.001,False,RMSprop,Huber,0.001
CartPole_DDQN_GS_EpsilonGreedy_notes_cpu_04-04-2018__03_30_42_876196,31.65,18.5,132.0,8.0,18.0,29.0,42.0,CartPole-v0,DDQN_GS,EpsilonGreedy,10000,cpu,sort of. this is a DDQN,3,4,128,0.99,0.001,True,RMSprop,Huber,0.1
CartPole_DQN_GS_EpsilonGreedy_notes_cpu_04-04-2018__04_21_27_649958,12.12,6.67,71.0,8.0,9.0,10.0,11.0,CartPole-v0,DQN_GS,EpsilonGreedy,10000,cpu,True,3,4,128,0.99,0.0001,True,RMSprop,MSE,0.001
CartPole_DDQN_GS_EpsilonGreedy_notes_cpu_04-04-2018__03_47_10_847110,41.02,17.93,126.0,8.0,29.0,39.0,51.0,CartPole-v0,DDQN_GS,EpsilonGreedy,10000,cpu,sort of. this is a DDQN,3,4,128,0.99,0.0001,False,RMSprop,MSE,0.1
CartPole_DQN_GS_EpsilonGreedy_notes_cpu_04-04-2018__01_45_08_635063,24.56,15.53,127.0,8.0,11.0,21.0,32.0,CartPole-v0,DQN_GS,EpsilonGreedy,10000,cpu,False,3,4,128,0.99,0.0001,True,RMSprop,MSE,0.001
CartPole_DQN_GS_EpsilonGreedy_notes_cpu_04-04-2018__03_03_49_257477,13.32,7.77,77.0,8.0,9.0,10.0,14.0,CartPole-v0,DQN_GS,EpsilonGreedy,10000,cpu,True,3,4,128,0.99,0.001,True,RMSprop,MSE,0.001
CartPole_DDQN_GS_EpsilonGreedy_notes_cpu_04-04-2018__02_28_30_341178,21.53,16.13,112.0,8.0,10.0,13.0,29.5,CartPole-v0,DDQN_GS,EpsilonGreedy,10000,cpu,sort of. this is a DDQN,3,4,128,0.99,0.0001,True,RMSprop,Huber,0.1
CartPole_DQN_GS_EpsilonGreedy_notes_cpu_04-04-2018__02_44_09_992932,25.77,15.28,100.0,8.0,12.0,23.0,35.0,CartPole-v0,DQN_GS,EpsilonGreedy,10000,cpu,False,3,4,128,0.99,0.001,True,RMSprop,MSE,0.1
CartPole_DDQN_GS_EpsilonGreedy_notes_cpu_04-04-2018__04_01_20_070296,38.56,20.58,176.0,8.0,23.0,37.0,51.0,CartPole-v0,DDQN_GS,EpsilonGreedy,10000,cpu,sort of. this is a DDQN,3,4,128,0.99,0.001,True,RMSprop,Huber,0.001
CartPole_DDQN_GS_EpsilonGreedy_notes_cpu_04-04-2018__02_58_24_554426,16.9,4.18,54.0,8.0,16.0,17.0,18.0,CartPole-v0,DDQN_GS,EpsilonGreedy,10000,cpu,sort of. this is a DDQN,3,4,128,0.99,0.0001,False,RMSprop,MSE,0.001
CartPole_DDQN_GS_EpsilonGreedy_notes_cpu_04-04-2018__01_50_35_594652,34.05,18.31,130.0,8.0,21.0,30.0,43.0,CartPole-v0,DDQN_GS,EpsilonGreedy,10000,cpu,sort of. this is a DDQN,3,4,128,0.99,0.0001,False,RMSprop,Huber,0.1
CartPole_DQN_GS_EpsilonGreedy_notes_cpu_04-04-2018__03_48_26_429018,9.72,1.72,28.0,8.0,9.0,9.0,10.0,CartPole-v0,DQN_GS,EpsilonGreedy,10000,cpu,True,3,4,128,0.99,0.0001,True,RMSprop,MSE,0.1
CartPole_DDQN_GS_EpsilonGreedy_notes_cpu_04-04-2018__03_20_44_468798,45.09,20.87,169.0,8.0,31.0,42.0,55.0,CartPole-v0,DDQN_GS,EpsilonGreedy,10000,cpu,sort of. this is a DDQN,3,4,128,0.99,0.001,False,RMSprop,Huber,0.1
CartPole_DDQN_GS_EpsilonGreedy_notes_cpu_04-04-2018__05_07_18_507934,27.17,16.99,128.0,8.0,13.0,22.0,35.0,CartPole-v0,DDQN_GS,EpsilonGreedy,10000,cpu,sort of. this is a DDQN,3,4,128,0.99,0.001,True,RMSprop,MSE,0.1
CartPole_DDQN_GS_EpsilonGreedy_notes_cpu_04-04-2018__03_50_47_816436,9.7,1.65,26.0,8.0,9.0,9.0,10.0,CartPole-v0,DDQN_GS,EpsilonGreedy,10000,cpu,sort of. this is a DDQN,3,4,128,0.99,0.0001,False,RMSprop,Huber,0.001
CartPole_DDQN_GS_EpsilonGreedy_notes_cpu_04-04-2018__01_32_04_738041,31.8,18.42,160.0,8.0,18.0,29.0,41.0,CartPole-v0,DDQN_GS,EpsilonGreedy,10000,cpu,sort of. this is a DDQN,3,4,128,0.99,0.001,True,RMSprop,Huber,0.001
CartPole_DQN_GS_EpsilonGreedy_notes_cpu_04-04-2018__02_50_17_097919,19.67,10.86,86.0,8.0,12.0,17.0,24.0,CartPole-v0,DQN_GS,EpsilonGreedy,10000,cpu,True,3,4,128,0.99,0.001,True,RMSprop,Huber,0.001
CartPole_DDQN_GS_EpsilonGreedy_notes_cpu_04-04-2018__02_53_30_559394,27.47,16.64,122.0,8.0,15.0,22.0,36.0,CartPole-v0,DDQN_GS,EpsilonGreedy,10000,cpu,sort of. this is a DDQN,3,4,128,0.99,0.001,False,RMSprop,MSE,0.001
CartPole_DQN_GS_EpsilonGreedy_notes_cpu_04-04-2018__03_57_19_828419,16.45,9.68,88.0,8.0,10.0,13.0,20.0,CartPole-v0,DQN_GS,EpsilonGreedy,10000,cpu,True,3,4,128,0.99,0.001,True,RMSprop,Huber,0.001
CartPole_DQN_GS_EpsilonGreedy_notes_cpu_04-04-2018__04_29_04_388331,9.7,1.62,27.0,8.0,9.0,9.0,10.0,CartPole-v0,DQN_GS,EpsilonGreedy,10000,cpu,True,3,4,128,0.99,0.001,False,RMSprop,MSE,0.1
CartPole_DQN_GS_EpsilonGreedy_notes_cpu_04-04-2018__04_04_01_185255,17.24,10.43,84.0,8.0,10.0,14.0,21.0,CartPole-v0,DQN_GS,EpsilonGreedy,10000,cpu,True,3,4,128,0.99,0.0001,True,RMSprop,Huber,0.001
CartPole_DQN_GS_EpsilonGreedy_notes_cpu_04-04-2018__01_50_35_596772,31.13,17.34,158.0,8.0,19.0,29.0,41.0,CartPole-v0,DQN_GS,EpsilonGreedy,10000,cpu,False,3,4,128,0.99,0.0001,False,RMSprop,Huber,0.1
CartPole_DDQN_GS_EpsilonGreedy_notes_cpu_04-04-2018__04_29_05_267023,22.19,16.18,125.0,8.0,10.0,16.0,30.0,CartPole-v0,DDQN_GS,EpsilonGreedy,10000,cpu,sort of. this is a DDQN,3,4,128,0.99,0.0001,True,RMSprop,Huber,0.1
CartPole_DQN_GS_EpsilonGreedy_notes_cpu_04-04-2018__03_29_04_658099,9.73,1.77,30.0,8.0,9.0,9.0,10.0,CartPole-v0,DQN_GS,EpsilonGreedy,10000,cpu,True,3,4,128,0.99,0.001,True,RMSprop,Huber,0.1
CartPole_DQN_GS_EpsilonGreedy_notes_cpu_04-04-2018__03_21_25_385597,9.73,1.73,34.0,8.0,9.0,9.0,10.0,CartPole-v0,DQN_GS,EpsilonGreedy,10000,cpu,True,3,4,128,0.99,0.0001,False,RMSprop,Huber,0.1
CartPole_DDQN_GS_EpsilonGreedy_notes_cpu_04-04-2018__01_31_37_376853,29.39,18.05,106.0,8.0,16.0,26.0,39.0,CartPole-v0,DDQN_GS,EpsilonGreedy,10000,cpu,sort of. this is a DDQN,3,4,128,0.99,0.001,False,RMSprop,Huber,0.001
CartPole_DQN_GS_EpsilonGreedy_notes_cpu_04-04-2018__02_29_34_145853,24.78,16.97,157.0,8.0,11.0,20.0,33.0,CartPole-v0,DQN_GS,EpsilonGreedy,10000,cpu,False,3,4,128,0.99,0.001,False,RMSprop,MSE,0.1
CartPole_DQN_GS_EpsilonGreedy_notes_cpu_04-04-2018__04_09_29_066655,22.65,12.57,103.0,8.0,13.0,20.0,28.0,CartPole-v0,DQN_GS,EpsilonGreedy,10000,cpu,True,3,4,128,0.99,0.001,False,RMSprop,MSE,0.001
CartPole_DQN_GS_EpsilonGreedy_notes_cpu_04-04-2018__02_50_17_098677,22.36,17.11,208.0,8.0,10.0,18.0,29.0,CartPole-v0,DQN_GS,EpsilonGreedy,10000,cpu,False,3,4,128,0.99,0.0001,True,RMSprop,MSE,0.1
CartPole_DDQN_GS_EpsilonGreedy_notes_cpu_04-04-2018__04_19_41_045496,14.84,10.02,85.0,8.0,9.0,10.0,16.0,CartPole-v0,DDQN_GS,EpsilonGreedy,10000,cpu,sort of. this is a DDQN,3,4,128,0.99,0.001,True,RMSprop,MSE,0.001
CartPole_DQN_GS_EpsilonGreedy_notes_cpu_04-04-2018__03_49_35_444470,16.62,11.26,84.0,8.0,9.0,10.0,21.0,CartPole-v0,DQN_GS,EpsilonGreedy,10000,cpu,True,3,4,128,0.99,0.001,False,RMSprop,Huber,0.001
CartPole_DDQN_GS_EpsilonGreedy_notes_cpu_04-04-2018__02_50_17_098010,9.7,1.64,23.0,8.0,9.0,9.0,10.0,CartPole-v0,DDQN_GS,EpsilonGreedy,10000,cpu,sort of. this is a DDQN,3,4,128,0.99,0.0001,False,RMSprop,Huber,0.001
CartPole_DQN_GS_EpsilonGreedy_notes_cpu_04-04-2018__04_28_44_862724,9.69,1.63,34.0,8.0,9.0,9.0,10.0,CartPole-v0,DQN_GS,EpsilonGreedy,10000,cpu,True,3,4,128,0.99,0.001,False,RMSprop,Huber,0.1
CartPole_DDQN_GS_EpsilonGreedy_notes_cpu_04-04-2018__01_32_27_462008,36.85,19.4,160.0,8.0,24.0,34.0,47.0,CartPole-v0,DDQN_GS,EpsilonGreedy,10000,cpu,sort of. this is a DDQN,3,4,128,0.99,0.0001,True,RMSprop,Huber,0.001
CartPole_DQN_GS_EpsilonGreedy_notes_cpu_04-04-2018__04_47_32_500409,9.73,1.73,27.0,8.0,9.0,9.0,10.0,CartPole-v0,DQN_GS,EpsilonGreedy,10000,cpu,True,3,4,128,0.99,0.001,True,RMSprop,MSE,0.1
CartPole_DDQN_GS_EpsilonGreedy_notes_cpu_04-04-2018__02_50_17_097416,41.33,20.06,189.0,8.0,28.0,39.0,53.0,CartPole-v0,DDQN_GS,EpsilonGreedy,10000,cpu,sort of. this is a DDQN,3,4,128,0.99,0.001,False,RMSprop,Huber,0.001
CartPole_DQN_GS_EpsilonGreedy_notes_cpu_04-04-2018__04_18_25_374510,21.48,12.78,107.0,8.0,11.0,18.0,28.0,CartPole-v0,DQN_GS,EpsilonGreedy,10000,cpu,True,3,4,128,0.99,0.001,True,RMSprop,MSE,0.001
CartPole_DDQN_GS_EpsilonGreedy_notes_cpu_04-04-2018__03_53_39_024082,25.54,16.39,114.0,8.0,12.0,21.0,33.0,CartPole-v0,DDQN_GS,EpsilonGreedy,10000,cpu,sort of. this is a DDQN,3,4,128,0.99,0.001,False,RMSprop,MSE,0.1
CartPole_DDQN_GS_EpsilonGreedy_notes_cpu_04-04-2018__04_47_32_499991,9.69,1.59,27.0,8.0,9.0,9.0,10.0,CartPole-v0,DDQN_GS,EpsilonGreedy,10000,cpu,sort of. this is a DDQN,3,4,128,0.99,0.0001,False,RMSprop,MSE,0.1
CartPole_DQN_GS_EpsilonGreedy_notes_cpu_04-04-2018__03_43_36_332558,9.73,1.71,28.0,8.0,9.0,9.0,10.0,CartPole-v0,DQN_GS,EpsilonGreedy,10000,cpu,True,3,4,128,0.99,0.001,False,RMSprop,MSE,0.1
CartPole_DDQN_GS_EpsilonGreedy_notes_cpu_04-04-2018__02_50_17_098636,10.82,4.03,68.0,8.0,9.0,10.0,10.0,CartPole-v0,DDQN_GS,EpsilonGreedy,10000,cpu,sort of. this is a DDQN,3,4,128,0.99,0.0001,True,RMSprop,MSE,0.1
CartPole_DDQN_GS_EpsilonGreedy_notes_cpu_04-04-2018__03_07_46_366904,28.15,17.25,131.0,8.0,14.0,23.0,37.0,CartPole-v0,DDQN_GS,EpsilonGreedy,10000,cpu,sort of. this is a DDQN,3,4,128,0.99,0.001,True,RMSprop,MSE,0.001
CartPole_DDQN_GS_EpsilonGreedy_notes_cpu_04-04-2018__03_09_50_369465,20.07,13.59,119.0,8.0,10.0,15.0,27.0,CartPole-v0,DDQN_GS,EpsilonGreedy,10000,cpu,sort of. this is a DDQN,3,4,128,0.99,0.0001,True,RMSprop,MSE,0.001
CartPole_DDQN_GS_EpsilonGreedy_notes_cpu_04-04-2018__04_28_55_317809,43.74,18.85,183.0,8.0,31.0,41.0,53.0,CartPole-v0,DDQN_GS,EpsilonGreedy,10000,cpu,sort of. this is a DDQN,3,4,128,0.99,0.001,True,RMSprop,Huber,0.1
CartPole_DQN_GS_EpsilonGreedy_notes_cpu_04-04-2018__02_35_36_871663,9.72,1.72,29.0,8.0,9.0,9.0,10.0,CartPole-v0,DQN_GS,EpsilonGreedy,10000,cpu,False,3,4,128,0.99,0.0001,False,RMSprop,MSE,0.1
CartPole_DQN_GS_EpsilonGreedy_notes_cpu_04-04-2018__02_58_24_564755,18.87,10.4,79.0,8.0,10.0,16.0,24.0,CartPole-v0,DQN_GS,EpsilonGreedy,10000,cpu,True,3,4,128,0.99,0.0001,False,RMSprop,MSE,0.001
CartPole_DQN_GS_EpsilonGreedy_notes_cpu_04-04-2018__03_56_57_449860,15.04,8.93,105.0,8.0,9.0,10.0,18.0,CartPole-v0,DQN_GS,EpsilonGreedy,10000,cpu,True,3,4,128,0.99,0.0001,False,RMSprop,Huber,0.001
CartPole_DDQN_GS_EpsilonGreedy_notes_cpu_04-04-2018__02_32_27_103439,19.82,13.83,93.0,8.0,10.0,14.0,27.0,CartPole-v0,DDQN_GS,EpsilonGreedy,10000,cpu,sort of. this is a DDQN,3,4,128,0.99,0.001,False,RMSprop,MSE,0.1
CartPole_DQN_GS_EpsilonGreedy_notes_cpu_04-04-2018__04_28_53_959684,9.73,1.76,27.0,8.0,9.0,9.0,10.0,CartPole-v0,DQN_GS,EpsilonGreedy,10000,cpu,True,3,4,128,0.99,0.001,True,RMSprop,Huber,0.1
CartPole_DDQN_GS_EpsilonGreedy_notes_cpu_04-04-2018__01_50_35_592086,42.95,20.65,163.0,8.0,28.0,42.0,55.0,CartPole-v0,DDQN_GS,EpsilonGreedy,10000,cpu,sort of. this is a DDQN,3,4,128,0.99,0.001,False,RMSprop,Huber,0.1
CartPole_DDQN_GS_EpsilonGreedy_notes_cpu_04-04-2018__04_16_53_284480,9.71,1.72,41.0,8.0,9.0,9.0,10.0,CartPole-v0,DDQN_GS,EpsilonGreedy,10000,cpu,sort of. this is a DDQN,3,4,128,0.99,0.0001,False,RMSprop,MSE,0.001
CartPole_DQN_GS_EpsilonGreedy_notes_cpu_04-04-2018__01_31_55_992647,30.72,18.28,138.0,8.0,18.0,27.0,40.0,CartPole-v0,DQN_GS,EpsilonGreedy,10000,cpu,False,3,4,128,0.99,0.001,True,RMSprop,Huber,0.001
CartPole_DDQN_GS_EpsilonGreedy_notes_cpu_04-04-2018__04_24_46_242791,17.28,14.97,137.0,8.0,9.0,10.0,20.0,CartPole-v0,DDQN_GS,EpsilonGreedy,10000,cpu,sort of. this is a DDQN,3,4,128,0.99,0.0001,True,RMSprop,MSE,0.001
CartPole_DQN_GS_EpsilonGreedy_notes_cpu_04-04-2018__01_32_49_180551,18.37,10.13,82.0,8.0,10.0,16.0,22.0,CartPole-v0,DQN_GS,EpsilonGreedy,10000,cpu,False,3,4,128,0.99,0.0001,False,RMSprop,MSE,0.001
CartPole_DDQN_GS_EpsilonGreedy_notes_cpu_04-04-2018__02_50_31_873297,29.4,19.19,157.0,8.0,13.0,27.0,40.0,CartPole-v0,DDQN_GS,EpsilonGreedy,10000,cpu,sort of. this is a DDQN,3,4,128,0.99,0.0001,True,RMSprop,Huber,0.001
CartPole_DDQN_GS_EpsilonGreedy_notes_cpu_04-04-2018__01_45_08_635201,16.59,11.78,113.0,8.0,9.0,11.0,20.0,CartPole-v0,DDQN_GS,EpsilonGreedy,10000,cpu,sort of. this is a DDQN,3,4,128,0.99,0.001,True,RMSprop,MSE,0.001
CartPole_DDQN_GS_EpsilonGreedy_notes_cpu_04-04-2018__03_49_27_709593,9.91,2.43,45.0,8.0,9.0,9.0,10.0,CartPole-v0,DDQN_GS,EpsilonGreedy,10000,cpu,sort of. this is a DDQN,3,4,128,0.99,0.0001,True,RMSprop,MSE,0.1
CartPole_DQN_GS_EpsilonGreedy_notes_cpu_04-04-2018__04_29_06_855724,9.71,1.74,29.0,8.0,9.0,9.0,10.0,CartPole-v0,DQN_GS,EpsilonGreedy,10000,cpu,True,3,4,128,0.99,0.0001,True,RMSprop,Huber,0.1
CartPole_DQN_GS_EpsilonGreedy_notes_cpu_04-04-2018__01_32_39_138236,21.69,13.76,135.0,8.0,11.0,19.0,28.0,CartPole-v0,DQN_GS,EpsilonGreedy,10000,cpu,False,3,4,128,0.99,0.001,False,RMSprop,MSE,0.001
CartPole_DQN_GS_EpsilonGreedy_notes_cpu_04-04-2018__02_50_17_097537,19.81,11.6,108.0,8.0,10.0,16.0,26.0,CartPole-v0,DQN_GS,EpsilonGreedy,10000,cpu,True,3,4,128,0.99,0.0001,True,RMSprop,Huber,0.001
CartPole_DQN_GS_EpsilonGreedy_notes_cpu_04-04-2018__01_50_35_596107,26.57,16.9,112.0,8.0,11.0,23.0,36.0,CartPole-v0,DQN_GS,EpsilonGreedy,10000,cpu,False,3,4,128,0.99,0.001,True,RMSprop,Huber,0.1
CartPole_DDQN_GS_EpsilonGreedy_notes_cpu_04-04-2018__04_30_26_229986,22.05,15.97,149.0,8.0,10.0,17.0,29.0,CartPole-v0,DDQN_GS,EpsilonGreedy,10000,cpu,sort of. this is a DDQN,3,4,128,0.99,0.001,False,RMSprop,MSE,0.1
CartPole_DQN_GS_EpsilonGreedy_notes_cpu_04-04-2018__03_33_19_630773,9.68,1.68,28.0,8.0,9.0,9.0,10.0,CartPole-v0,DQN_GS,EpsilonGreedy,10000,cpu,True,3,4,128,0.99,0.0001,True,RMSprop,Huber,0.1
